scraped_at_utc,state_slug,city_slug,listing_id,details_slug,url,status,vehicle_type,total_available,price_hourly_usd,price_daily_usd,price_weekly_usd,price_monthly_usd
2026-07-04T02:57:29Z,louisiana,port-allen,15813,4747-river-road-70767,https://truckparkingclub.com/truck-parking/louisiana/port-allen/4747-river-road-70767,1,Bobtail / Box Truck,15,,20.00,80.00,200.00
2026-07-04T02:57:29Z,louisiana,port-allen,15815,1956-court-st-70767,https://truckparkingclub.com/truck-parking/louisiana/port-allen/1956-court-st-70767,1,Bobtail / Box Truck,50,,20.00,80.00,200.00
2026-07-04T02:57:29Z,louisiana,port-allen,15817,1467-court-st-70767,https://truckparkingclub.com/truck-parking/louisiana/port-allen/1467-court-st-70767,1,type 2 & type 3,10,,25.00,100.00,250.00
2026-07-04T03:59:22Z,louisiana,port-allen,15813,4747-river-road-70767,https://truckparkingclub.com/truck-parking/louisiana/port-allen/4747-river-road-70767,1,Bobtail / Box Truck,15,,20.00,80.00,200.00
2026-07-04T03:59:22Z,louisiana,port-allen,15815,1956-court-st-70767,https://truckparkingclub.com/truck-parking/louisiana/port-allen/1956-court-st-70767,1,Bobtail / Box Truck,50,,20.00,80.00,200.00
2026-07-04T03:59:22Z,louisiana,port-allen,15817,1467-court-st-70767,https://truckparkingclub.com/truck-parking/louisiana/port-allen/1467-court-st-70767,1,type 2 & type 3,10,,25.00,100.00,250.00
2026-07-04T06:38:09Z,louisiana,port-allen,15813,4747-river-road-70767,https://truckparkingclub.com/truck-parking/louisiana/port-allen/4747-river-road-70767,1,Bobtail / Box Truck,15,,20.00,80.00,200.00
2026-07-04T06:38:09Z,louisiana,port-allen,15815,1956-court-st-70767,https://truckparkingclub.com/truck-parking/louisiana/port-allen/1956-court-st-70767,1,Bobtail / Box Truck,50,,20.00,80.00,200.00
2026-07-04T06:38:09Z,louisiana,port-allen,15817,1467-court-st-70767,https://truckparkingclub.com/truck-parking/louisiana/port-allen/1467-court-st-70767,1,type 2 & type 3,10,,25.00,100.00,250.00
2026-07-04T09:57:00Z,louisiana,port-allen,15813,4747-river-road-70767,https://truckparkingclub.com/truck-parking/louisiana/port-allen/4747-river-road-70767,1,Bobtail / Box Truck,15,,20.00,80.00,200.00
2026-07-04T09:57:00Z,louisiana,port-allen,15815,1956-court-st-70767,https://truckparkingclub.com/truck-parking/louisiana/port-allen/1956-court-st-70767,1,Bobtail / Box Truck,50,,20.00,80.00,200.00
2026-07-04T09:57:00Z,louisiana,port-allen,15817,1467-court-st-70767,https://truckparkingclub.com/truck-parking/louisiana/port-allen/1467-court-st-70767,1,type 2 & type 3,10,,25.00,100.00,250.00
2026-07-04T11:19:56Z,louisiana,port-allen,15813,4747-river-road-70767,https://truckparkingclub.com/truck-parking/louisiana/port-allen/4747-river-road-70767,1,Bobtail / Box Truck,15,,20.00,80.00,200.00
2026-07-04T11:19:56Z,louisiana,port-allen,15815,1956-court-st-70767,https://truckparkingclub.com/truck-parking/louisiana/port-allen/1956-court-st-70767,1,Bobtail / Box Truck,50,,20.00,80.00,200.00
2026-07-04T11:19:56Z,louisiana,port-allen,15817,1467-court-st-70767,https://truckparkingclub.com/truck-parking/louisiana/port-allen/1467-court-st-70767,1,type 2 & type 3,10,,25.00,100.00,250.00
2026-07-04T12:53:05Z,louisiana,port-allen,15813,4747-river-road-70767,https://truckparkingclub.com/truck-parking/louisiana/port-allen/4747-river-road-70767,1,Bobtail / Box Truck,15,,20.00,80.00,200.00
2026-07-04T12:53:05Z,louisiana,port-allen,15815,1956-court-st-70767,https://truckparkingclub.com/truck-parking/louisiana/port-allen/1956-court-st-70767,1,Bobtail / Box Truck,50,,20.00,80.00,200.00
2026-07-04T12:53:05Z,louisiana,port-allen,15817,1467-court-st-70767,https://truckparkingclub.com/truck-parking/louisiana/port-allen/1467-court-st-70767,1,type 2 & type 3,10,,25.00,100.00,250.00
2026-07-04T14:55:58Z,louisiana,port-allen,15813,4747-river-road-70767,https://truckparkingclub.com/truck-parking/louisiana/port-allen/4747-river-road-70767,1,Bobtail / Box Truck,15,,20.00,80.00,200.00
2026-07-04T14:55:58Z,louisiana,port-allen,15815,1956-court-st-70767,https://truckparkingclub.com/truck-parking/louisiana/port-allen/1956-court-st-70767,1,Bobtail / Box Truck,50,,20.00,80.00,200.00
2026-07-04T14:55:58Z,louisiana,port-allen,15817,1467-court-st-70767,https://truckparkingclub.com/truck-parking/louisiana/port-allen/1467-court-st-70767,1,type 2 & type 3,10,,25.00,100.00,250.00
2026-07-04T16:48:20Z,louisiana,port-allen,15813,4747-river-road-70767,https://truckparkingclub.com/truck-parking/louisiana/port-allen/4747-river-road-70767,1,Bobtail / Box Truck,15,,20.00,80.00,200.00
2026-07-04T16:48:20Z,louisiana,port-allen,15815,1956-court-st-70767,https://truckparkingclub.com/truck-parking/louisiana/port-allen/1956-court-st-70767,1,Bobtail / Box Truck,50,,20.00,80.00,200.00
2026-07-04T16:48:20Z,louisiana,port-allen,15817,1467-court-st-70767,https://truckparkingclub.com/truck-parking/louisiana/port-allen/1467-court-st-70767,1,type 2 & type 3,10,,25.00,100.00,250.00
2026-07-04T18:50:31Z,louisiana,port-allen,15813,4747-river-road-70767,https://truckparkingclub.com/truck-parking/louisiana/port-allen/4747-river-road-70767,1,Bobtail / Box Truck,15,,20.00,80.00,200.00
2026-07-04T18:50:31Z,louisiana,port-allen,15815,1956-court-st-70767,https://truckparkingclub.com/truck-parking/louisiana/port-allen/1956-court-st-70767,1,Bobtail / Box Truck,50,,20.00,80.00,200.00
2026-07-04T18:50:31Z,louisiana,port-allen,15817,1467-court-st-70767,https://truckparkingclub.com/truck-parking/louisiana/port-allen/1467-court-st-70767,1,type 2 & type 3,10,,25.00,100.00,250.00
2026-07-04T20:40:51Z,louisiana,port-allen,15813,4747-river-road-70767,https://truckparkingclub.com/truck-parking/louisiana/port-allen/4747-river-road-70767,1,Bobtail / Box Truck,15,,20.00,80.00,200.00
2026-07-04T20:40:51Z,louisiana,port-allen,15815,1956-court-st-70767,https://truckparkingclub.com/truck-parking/louisiana/port-allen/1956-court-st-70767,1,Bobtail / Box Truck,50,,20.00,80.00,200.00
2026-07-04T20:40:51Z,louisiana,port-allen,15817,1467-court-st-70767,https://truckparkingclub.com/truck-parking/louisiana/port-allen/1467-court-st-70767,1,type 2 & type 3,10,,25.00,100.00,250.00
2026-07-04T22:43:34Z,louisiana,port-allen,15813,4747-river-road-70767,https://truckparkingclub.com/truck-parking/louisiana/port-allen/4747-river-road-70767,1,Bobtail / Box Truck,15,,20.00,80.00,200.00
2026-07-04T22:43:34Z,louisiana,port-allen,15815,1956-court-st-70767,https://truckparkingclub.com/truck-parking/louisiana/port-allen/1956-court-st-70767,1,Bobtail / Box Truck,50,,20.00,80.00,200.00
2026-07-04T22:43:34Z,louisiana,port-allen,15817,1467-court-st-70767,https://truckparkingclub.com/truck-parking/louisiana/port-allen/1467-court-st-70767,1,type 2 & type 3,10,,25.00,100.00,250.00
2026-07-05T01:43:15Z,louisiana,port-allen,15813,4747-river-road-70767,https://truckparkingclub.com/truck-parking/louisiana/port-allen/4747-river-road-70767,1,Bobtail / Box Truck,15,,20.00,80.00,200.00
2026-07-05T01:43:15Z,louisiana,port-allen,15815,1956-court-st-70767,https://truckparkingclub.com/truck-parking/louisiana/port-allen/1956-court-st-70767,1,Bobtail / Box Truck,50,,20.00,80.00,200.00
2026-07-05T01:43:15Z,louisiana,port-allen,15817,1467-court-st-70767,https://truckparkingclub.com/truck-parking/louisiana/port-allen/1467-court-st-70767,1,type 2 & type 3,10,,25.00,100.00,250.00
2026-07-05T05:51:11Z,louisiana,port-allen,15813,4747-river-road-70767,https://truckparkingclub.com/truck-parking/louisiana/port-allen/4747-river-road-70767,1,Bobtail / Box Truck,15,,20.00,80.00,200.00
2026-07-05T05:51:11Z,louisiana,port-allen,15815,1956-court-st-70767,https://truckparkingclub.com/truck-parking/louisiana/port-allen/1956-court-st-70767,1,Bobtail / Box Truck,50,,20.00,80.00,200.00
2026-07-05T05:51:11Z,louisiana,port-allen,15817,1467-court-st-70767,https://truckparkingclub.com/truck-parking/louisiana/port-allen/1467-court-st-70767,1,type 2 & type 3,10,,25.00,100.00,250.00
2026-07-05T08:35:33Z,louisiana,port-allen,15813,4747-river-road-70767,https://truckparkingclub.com/truck-parking/louisiana/port-allen/4747-river-road-70767,1,Bobtail / Box Truck,15,,20.00,80.00,200.00
2026-07-05T08:35:33Z,louisiana,port-allen,15815,1956-court-st-70767,https://truckparkingclub.com/truck-parking/louisiana/port-allen/1956-court-st-70767,1,Bobtail / Box Truck,50,,20.00,80.00,200.00
2026-07-05T08:35:33Z,louisiana,port-allen,15817,1467-court-st-70767,https://truckparkingclub.com/truck-parking/louisiana/port-allen/1467-court-st-70767,1,type 2 & type 3,10,,25.00,100.00,250.00
2026-07-05T11:21:03Z,louisiana,port-allen,15813,4747-river-road-70767,https://truckparkingclub.com/truck-parking/louisiana/port-allen/4747-river-road-70767,1,Bobtail / Box Truck,15,,20.00,80.00,200.00
2026-07-05T11:21:03Z,louisiana,port-allen,15815,1956-court-st-70767,https://truckparkingclub.com/truck-parking/louisiana/port-allen/1956-court-st-70767,1,Bobtail / Box Truck,50,,20.00,80.00,200.00
2026-07-05T11:21:03Z,louisiana,port-allen,15817,1467-court-st-70767,https://truckparkingclub.com/truck-parking/louisiana/port-allen/1467-court-st-70767,1,type 2 & type 3,10,,25.00,100.00,250.00
2026-07-05T13:00:50Z,louisiana,port-allen,15813,4747-river-road-70767,https://truckparkingclub.com/truck-parking/louisiana/port-allen/4747-river-road-70767,1,Bobtail / Box Truck,15,,20.00,80.00,200.00
2026-07-05T13:00:50Z,louisiana,port-allen,15815,1956-court-st-70767,https://truckparkingclub.com/truck-parking/louisiana/port-allen/1956-court-st-70767,1,Bobtail / Box Truck,50,,20.00,80.00,200.00
2026-07-05T13:00:50Z,louisiana,port-allen,15817,1467-court-st-70767,https://truckparkingclub.com/truck-parking/louisiana/port-allen/1467-court-st-70767,1,type 2 & type 3,10,,25.00,100.00,250.00
2026-07-05T15:04:15Z,louisiana,port-allen,15813,4747-river-road-70767,https://truckparkingclub.com/truck-parking/louisiana/port-allen/4747-river-road-70767,1,Bobtail / Box Truck,15,,20.00,80.00,200.00
2026-07-05T15:04:15Z,louisiana,port-allen,15815,1956-court-st-70767,https://truckparkingclub.com/truck-parking/louisiana/port-allen/1956-court-st-70767,1,Bobtail / Box Truck,50,,20.00,80.00,200.00
2026-07-05T15:04:15Z,louisiana,port-allen,15817,1467-court-st-70767,https://truckparkingclub.com/truck-parking/louisiana/port-allen/1467-court-st-70767,1,type 2 & type 3,10,,25.00,100.00,250.00
2026-07-05T16:51:12Z,louisiana,port-allen,15813,4747-river-road-70767,https://truckparkingclub.com/truck-parking/louisiana/port-allen/4747-river-road-70767,1,Bobtail / Box Truck,15,,20.00,80.00,200.00
2026-07-05T16:51:12Z,louisiana,port-allen,15815,1956-court-st-70767,https://truckparkingclub.com/truck-parking/louisiana/port-allen/1956-court-st-70767,1,Bobtail / Box Truck,50,,20.00,80.00,200.00
2026-07-05T16:51:12Z,louisiana,port-allen,15817,1467-court-st-70767,https://truckparkingclub.com/truck-parking/louisiana/port-allen/1467-court-st-70767,1,type 2 & type 3,10,,25.00,100.00,250.00
2026-07-05T18:55:03Z,louisiana,port-allen,15813,4747-river-road-70767,https://truckparkingclub.com/truck-parking/louisiana/port-allen/4747-river-road-70767,1,Bobtail / Box Truck,15,,20.00,80.00,200.00
2026-07-05T18:55:03Z,louisiana,port-allen,15815,1956-court-st-70767,https://truckparkingclub.com/truck-parking/louisiana/port-allen/1956-court-st-70767,1,Bobtail / Box Truck,50,,20.00,80.00,200.00
2026-07-05T18:55:03Z,louisiana,port-allen,15817,1467-court-st-70767,https://truckparkingclub.com/truck-parking/louisiana/port-allen/1467-court-st-70767,1,type 2 & type 3,10,,25.00,100.00,250.00
2026-07-05T20:09:18Z,louisiana,port-allen,15813,4747-river-road-70767,https://truckparkingclub.com/truck-parking/louisiana/port-allen/4747-river-road-70767,1,Bobtail / Box Truck,15,,20.00,80.00,200.00
2026-07-05T20:09:18Z,louisiana,port-allen,15815,1956-court-st-70767,https://truckparkingclub.com/truck-parking/louisiana/port-allen/1956-court-st-70767,1,Bobtail / Box Truck,50,,20.00,80.00,200.00
2026-07-05T20:09:18Z,louisiana,port-allen,15817,1467-court-st-70767,https://truckparkingclub.com/truck-parking/louisiana/port-allen/1467-court-st-70767,1,Truck + Trailer,10,,25.00,100.00,250.00
2026-07-05T20:14:59Z,louisiana,port-allen,15813,4747-river-road-70767,https://truckparkingclub.com/truck-parking/louisiana/port-allen/4747-river-road-70767,1,Bobtail / Box Truck,15,,20.00,80.00,200.00
2026-07-05T20:14:59Z,louisiana,port-allen,15815,1956-court-st-70767,https://truckparkingclub.com/truck-parking/louisiana/port-allen/1956-court-st-70767,1,Bobtail / Box Truck,50,,20.00,80.00,200.00
2026-07-05T20:14:59Z,louisiana,port-allen,15817,1467-court-st-70767,https://truckparkingclub.com/truck-parking/louisiana/port-allen/1467-court-st-70767,1,Truck + Trailer,10,,25.00,100.00,250.00
2026-07-05T20:43:53Z,louisiana,port-allen,15813,4747-river-road-70767,https://truckparkingclub.com/truck-parking/louisiana/port-allen/4747-river-road-70767,1,Bobtail / Box Truck,15,,20.00,80.00,200.00
2026-07-05T20:43:53Z,louisiana,port-allen,15815,1956-court-st-70767,https://truckparkingclub.com/truck-parking/louisiana/port-allen/1956-court-st-70767,1,Bobtail / Box Truck,50,,20.00,80.00,200.00
2026-07-05T20:43:53Z,louisiana,port-allen,15817,1467-court-st-70767,https://truckparkingclub.com/truck-parking/louisiana/port-allen/1467-court-st-70767,1,Truck + Trailer,10,,25.00,100.00,250.00
2026-07-05T22:45:41Z,louisiana,port-allen,15813,4747-river-road-70767,https://truckparkingclub.com/truck-parking/louisiana/port-allen/4747-river-road-70767,1,Bobtail / Box Truck,15,,20.00,80.00,200.00
2026-07-05T22:45:41Z,louisiana,port-allen,15815,1956-court-st-70767,https://truckparkingclub.com/truck-parking/louisiana/port-allen/1956-court-st-70767,1,Bobtail / Box Truck,50,,20.00,80.00,200.00
2026-07-05T22:45:41Z,louisiana,port-allen,15817,1467-court-st-70767,https://truckparkingclub.com/truck-parking/louisiana/port-allen/1467-court-st-70767,1,Truck + Trailer,10,,25.00,100.00,250.00
2026-07-06T01:48:31Z,louisiana,port-allen,15813,4747-river-road-70767,https://truckparkingclub.com/truck-parking/louisiana/port-allen/4747-river-road-70767,1,Bobtail / Box Truck,15,,20.00,80.00,200.00
2026-07-06T01:48:31Z,louisiana,port-allen,15815,1956-court-st-70767,https://truckparkingclub.com/truck-parking/louisiana/port-allen/1956-court-st-70767,1,Bobtail / Box Truck,50,,20.00,80.00,200.00
2026-07-06T01:48:31Z,louisiana,port-allen,15817,1467-court-st-70767,https://truckparkingclub.com/truck-parking/louisiana/port-allen/1467-court-st-70767,1,Truck + Trailer,10,,25.00,100.00,250.00
2026-07-06T06:14:24Z,louisiana,port-allen,15813,4747-river-road-70767,https://truckparkingclub.com/truck-parking/louisiana/port-allen/4747-river-road-70767,1,Bobtail / Box Truck,15,,20.00,80.00,200.00
2026-07-06T06:14:24Z,louisiana,port-allen,15815,1956-court-st-70767,https://truckparkingclub.com/truck-parking/louisiana/port-allen/1956-court-st-70767,1,Bobtail / Box Truck,50,,20.00,80.00,200.00
2026-07-06T06:14:24Z,louisiana,port-allen,15817,1467-court-st-70767,https://truckparkingclub.com/truck-parking/louisiana/port-allen/1467-court-st-70767,1,Truck + Trailer,10,,25.00,100.00,250.00
2026-07-06T09:51:17Z,louisiana,port-allen,15813,4747-river-road-70767,https://truckparkingclub.com/truck-parking/louisiana/port-allen/4747-river-road-70767,1,Bobtail / Box Truck,15,,20.00,80.00,200.00
2026-07-06T09:51:17Z,louisiana,port-allen,15815,1956-court-st-70767,https://truckparkingclub.com/truck-parking/louisiana/port-allen/1956-court-st-70767,1,Bobtail / Box Truck,50,,20.00,80.00,200.00
2026-07-06T09:51:17Z,louisiana,port-allen,15817,1467-court-st-70767,https://truckparkingclub.com/truck-parking/louisiana/port-allen/1467-court-st-70767,1,Truck + Trailer,10,,25.00,100.00,250.00
2026-07-06T11:43:34Z,louisiana,port-allen,15813,4747-river-road-70767,https://truckparkingclub.com/truck-parking/louisiana/port-allen/4747-river-road-70767,1,Bobtail / Box Truck,15,,20.00,80.00,200.00
2026-07-06T11:43:34Z,louisiana,port-allen,15815,1956-court-st-70767,https://truckparkingclub.com/truck-parking/louisiana/port-allen/1956-court-st-70767,1,Bobtail / Box Truck,50,,20.00,80.00,200.00
2026-07-06T11:43:34Z,louisiana,port-allen,15817,1467-court-st-70767,https://truckparkingclub.com/truck-parking/louisiana/port-allen/1467-court-st-70767,1,Truck + Trailer,10,,25.00,100.00,250.00
2026-07-06T14:03:50Z,louisiana,port-allen,15813,4747-river-road-70767,https://truckparkingclub.com/truck-parking/louisiana/port-allen/4747-river-road-70767,1,Bobtail / Box Truck,15,,20.00,80.00,200.00
2026-07-06T14:03:50Z,louisiana,port-allen,15815,1956-court-st-70767,https://truckparkingclub.com/truck-parking/louisiana/port-allen/1956-court-st-70767,1,Bobtail / Box Truck,50,,20.00,80.00,200.00
2026-07-06T14:03:50Z,louisiana,port-allen,15817,1467-court-st-70767,https://truckparkingclub.com/truck-parking/louisiana/port-allen/1467-court-st-70767,1,Truck + Trailer,10,,25.00,100.00,250.00
2026-07-06T17:17:14Z,louisiana,port-allen,15813,4747-river-road-70767,https://truckparkingclub.com/truck-parking/louisiana/port-allen/4747-river-road-70767,1,Bobtail / Box Truck,15,,20.00,80.00,200.00
2026-07-06T17:17:14Z,louisiana,port-allen,15815,1956-court-st-70767,https://truckparkingclub.com/truck-parking/louisiana/port-allen/1956-court-st-70767,1,Bobtail / Box Truck,50,,20.00,80.00,200.00
2026-07-06T17:17:14Z,louisiana,port-allen,15817,1467-court-st-70767,https://truckparkingclub.com/truck-parking/louisiana/port-allen/1467-court-st-70767,1,Truck + Trailer,10,,25.00,100.00,250.00
2026-07-06T19:10:24Z,louisiana,port-allen,15813,4747-river-road-70767,https://truckparkingclub.com/truck-parking/louisiana/port-allen/4747-river-road-70767,1,Bobtail / Box Truck,15,,20.00,80.00,200.00
2026-07-06T19:10:24Z,louisiana,port-allen,15815,1956-court-st-70767,https://truckparkingclub.com/truck-parking/louisiana/port-allen/1956-court-st-70767,1,Bobtail / Box Truck,50,,20.00,80.00,200.00
2026-07-06T19:10:24Z,louisiana,port-allen,15817,1467-court-st-70767,https://truckparkingclub.com/truck-parking/louisiana/port-allen/1467-court-st-70767,1,Truck + Trailer,10,,25.00,100.00,250.00
2026-07-06T21:04:27Z,louisiana,port-allen,15813,4747-river-road-70767,https://truckparkingclub.com/truck-parking/louisiana/port-allen/4747-river-road-70767,1,Bobtail / Box Truck,15,,20.00,80.00,200.00
2026-07-06T21:04:27Z,louisiana,port-allen,15815,1956-court-st-70767,https://truckparkingclub.com/truck-parking/louisiana/port-allen/1956-court-st-70767,1,Bobtail / Box Truck,50,,20.00,80.00,200.00
2026-07-06T21:04:27Z,louisiana,port-allen,15817,1467-court-st-70767,https://truckparkingclub.com/truck-parking/louisiana/port-allen/1467-court-st-70767,1,Truck + Trailer,10,,25.00,100.00,250.00
2026-07-06T22:41:32Z,louisiana,port-allen,15813,4747-river-road-70767,https://truckparkingclub.com/truck-parking/louisiana/port-allen/4747-river-road-70767,1,Bobtail / Box Truck,15,,20.00,80.00,200.00
2026-07-06T22:41:32Z,louisiana,port-allen,15815,1956-court-st-70767,https://truckparkingclub.com/truck-parking/louisiana/port-allen/1956-court-st-70767,1,Bobtail / Box Truck,50,,20.00,80.00,200.00
2026-07-06T22:41:32Z,louisiana,port-allen,15817,1467-court-st-70767,https://truckparkingclub.com/truck-parking/louisiana/port-allen/1467-court-st-70767,1,Truck + Trailer,10,,25.00,100.00,250.00
2026-07-07T01:11:03Z,louisiana,port-allen,15813,4747-river-road-70767,https://truckparkingclub.com/truck-parking/louisiana/port-allen/4747-river-road-70767,1,Bobtail / Box Truck,15,,20.00,80.00,200.00
2026-07-07T01:11:03Z,louisiana,port-allen,15815,1956-court-st-70767,https://truckparkingclub.com/truck-parking/louisiana/port-allen/1956-court-st-70767,1,Bobtail / Box Truck,50,,20.00,80.00,200.00
2026-07-07T01:11:03Z,louisiana,port-allen,15817,1467-court-st-70767,https://truckparkingclub.com/truck-parking/louisiana/port-allen/1467-court-st-70767,1,Truck + Trailer,10,,25.00,100.00,250.00
2026-07-07T05:10:31Z,louisiana,port-allen,15813,4747-river-road-70767,https://truckparkingclub.com/truck-parking/louisiana/port-allen/4747-river-road-70767,1,Bobtail / Box Truck,15,,20.00,80.00,200.00
2026-07-07T05:10:31Z,louisiana,port-allen,15815,1956-court-st-70767,https://truckparkingclub.com/truck-parking/louisiana/port-allen/1956-court-st-70767,1,Bobtail / Box Truck,50,,20.00,80.00,200.00
2026-07-07T05:10:31Z,louisiana,port-allen,15817,1467-court-st-70767,https://truckparkingclub.com/truck-parking/louisiana/port-allen/1467-court-st-70767,1,Truck + Trailer,10,,25.00,100.00,250.00
2026-07-07T08:46:15Z,louisiana,port-allen,15813,4747-river-road-70767,https://truckparkingclub.com/truck-parking/louisiana/port-allen/4747-river-road-70767,1,Bobtail / Box Truck,15,,20.00,80.00,200.00
2026-07-07T08:46:15Z,louisiana,port-allen,15815,1956-court-st-70767,https://truckparkingclub.com/truck-parking/louisiana/port-allen/1956-court-st-70767,1,Bobtail / Box Truck,50,,20.00,80.00,200.00
2026-07-07T08:46:15Z,louisiana,port-allen,15817,1467-court-st-70767,https://truckparkingclub.com/truck-parking/louisiana/port-allen/1467-court-st-70767,1,Truck + Trailer,10,,25.00,100.00,250.00
2026-07-07T12:12:07Z,louisiana,port-allen,15813,4747-river-road-70767,https://truckparkingclub.com/truck-parking/louisiana/port-allen/4747-river-road-70767,1,Bobtail / Box Truck,15,,20.00,80.00,200.00
2026-07-07T12:12:07Z,louisiana,port-allen,15815,1956-court-st-70767,https://truckparkingclub.com/truck-parking/louisiana/port-allen/1956-court-st-70767,1,Bobtail / Box Truck,50,,20.00,80.00,200.00
2026-07-07T12:12:07Z,louisiana,port-allen,15817,1467-court-st-70767,https://truckparkingclub.com/truck-parking/louisiana/port-allen/1467-court-st-70767,1,Truck + Trailer,10,,25.00,100.00,250.00
2026-07-07T15:19:46Z,louisiana,port-allen,15813,4747-river-road-70767,https://truckparkingclub.com/truck-parking/louisiana/port-allen/4747-river-road-70767,1,Bobtail / Box Truck,15,,20.00,80.00,200.00
2026-07-07T15:19:46Z,louisiana,port-allen,15815,1956-court-st-70767,https://truckparkingclub.com/truck-parking/louisiana/port-allen/1956-court-st-70767,1,Bobtail / Box Truck,50,,20.00,80.00,200.00
2026-07-07T15:19:46Z,louisiana,port-allen,15817,1467-court-st-70767,https://truckparkingclub.com/truck-parking/louisiana/port-allen/1467-court-st-70767,1,Truck + Trailer,10,,25.00,100.00,250.00
2026-07-07T17:29:10Z,louisiana,port-allen,15813,4747-river-road-70767,https://truckparkingclub.com/truck-parking/louisiana/port-allen/4747-river-road-70767,1,Bobtail / Box Truck,15,,20.00,80.00,200.00
2026-07-07T17:29:10Z,louisiana,port-allen,15815,1956-court-st-70767,https://truckparkingclub.com/truck-parking/louisiana/port-allen/1956-court-st-70767,1,Bobtail / Box Truck,50,,20.00,80.00,200.00
2026-07-07T17:29:10Z,louisiana,port-allen,15817,1467-court-st-70767,https://truckparkingclub.com/truck-parking/louisiana/port-allen/1467-court-st-70767,1,Truck + Trailer,10,,25.00,100.00,250.00
2026-07-07T20:18:15Z,louisiana,port-allen,15813,4747-river-road-70767,https://truckparkingclub.com/truck-parking/louisiana/port-allen/4747-river-road-70767,1,Bobtail / Box Truck,15,,20.00,80.00,200.00
2026-07-07T20:18:15Z,louisiana,port-allen,15815,1956-court-st-70767,https://truckparkingclub.com/truck-parking/louisiana/port-allen/1956-court-st-70767,1,Bobtail / Box Truck,50,,20.00,80.00,200.00
2026-07-07T20:18:15Z,louisiana,port-allen,15817,1467-court-st-70767,https://truckparkingclub.com/truck-parking/louisiana/port-allen/1467-court-st-70767,1,Truck + Trailer,10,,25.00,100.00,250.00
2026-07-07T21:45:56Z,louisiana,port-allen,15813,4747-river-road-70767,https://truckparkingclub.com/truck-parking/louisiana/port-allen/4747-river-road-70767,1,Bobtail / Box Truck,15,,20.00,80.00,200.00
2026-07-07T21:45:56Z,louisiana,port-allen,15815,1956-court-st-70767,https://truckparkingclub.com/truck-parking/louisiana/port-allen/1956-court-st-70767,1,Bobtail / Box Truck,50,,20.00,80.00,200.00
2026-07-07T21:45:56Z,louisiana,port-allen,15817,1467-court-st-70767,https://truckparkingclub.com/truck-parking/louisiana/port-allen/1467-court-st-70767,1,Truck + Trailer,10,,25.00,100.00,250.00
2026-07-07T23:17:23Z,louisiana,port-allen,15813,4747-river-road-70767,https://truckparkingclub.com/truck-parking/louisiana/port-allen/4747-river-road-70767,1,Bobtail / Box Truck,15,,20.00,80.00,200.00
2026-07-07T23:17:23Z,louisiana,port-allen,15815,1956-court-st-70767,https://truckparkingclub.com/truck-parking/louisiana/port-allen/1956-court-st-70767,1,Bobtail / Box Truck,50,,20.00,80.00,200.00
2026-07-07T23:17:23Z,louisiana,port-allen,15817,1467-court-st-70767,https://truckparkingclub.com/truck-parking/louisiana/port-allen/1467-court-st-70767,1,Truck + Trailer,10,,25.00,100.00,250.00
2026-07-08T00:15:30Z,louisiana,port-allen,15813,4747-river-road-70767,https://truckparkingclub.com/truck-parking/louisiana/port-allen/4747-river-road-70767,1,Bobtail / Box Truck,15,,20.00,80.00,200.00
2026-07-08T00:15:30Z,louisiana,port-allen,15815,1956-court-st-70767,https://truckparkingclub.com/truck-parking/louisiana/port-allen/1956-court-st-70767,1,Bobtail / Box Truck,50,,20.00,80.00,200.00
2026-07-08T00:15:30Z,louisiana,port-allen,15817,1467-court-st-70767,https://truckparkingclub.com/truck-parking/louisiana/port-allen/1467-court-st-70767,1,Truck + Trailer,10,,25.00,100.00,250.00
2026-07-08T03:50:03Z,louisiana,port-allen,15813,4747-river-road-70767,https://truckparkingclub.com/truck-parking/louisiana/port-allen/4747-river-road-70767,1,Bobtail / Box Truck,15,,20.00,80.00,200.00
2026-07-08T03:50:03Z,louisiana,port-allen,15815,1956-court-st-70767,https://truckparkingclub.com/truck-parking/louisiana/port-allen/1956-court-st-70767,1,Bobtail / Box Truck,50,,20.00,80.00,200.00
2026-07-08T03:50:03Z,louisiana,port-allen,15817,1467-court-st-70767,https://truckparkingclub.com/truck-parking/louisiana/port-allen/1467-court-st-70767,1,Truck + Trailer,10,,25.00,100.00,250.00
2026-07-08T06:41:02Z,louisiana,port-allen,15813,4747-river-road-70767,https://truckparkingclub.com/truck-parking/louisiana/port-allen/4747-river-road-70767,1,Bobtail / Box Truck,15,,20.00,80.00,200.00
2026-07-08T06:41:02Z,louisiana,port-allen,15815,1956-court-st-70767,https://truckparkingclub.com/truck-parking/louisiana/port-allen/1956-court-st-70767,1,Bobtail / Box Truck,50,,20.00,80.00,200.00
2026-07-08T06:41:02Z,louisiana,port-allen,15817,1467-court-st-70767,https://truckparkingclub.com/truck-parking/louisiana/port-allen/1467-court-st-70767,1,Truck + Trailer,10,,25.00,100.00,250.00
2026-07-08T09:41:04Z,louisiana,port-allen,15813,4747-river-road-70767,https://truckparkingclub.com/truck-parking/louisiana/port-allen/4747-river-road-70767,1,Bobtail / Box Truck,15,,20.00,80.00,200.00
2026-07-08T09:41:04Z,louisiana,port-allen,15815,1956-court-st-70767,https://truckparkingclub.com/truck-parking/louisiana/port-allen/1956-court-st-70767,1,Bobtail / Box Truck,50,,20.00,80.00,200.00
2026-07-08T09:41:04Z,louisiana,port-allen,15817,1467-court-st-70767,https://truckparkingclub.com/truck-parking/louisiana/port-allen/1467-court-st-70767,1,Truck + Trailer,10,,25.00,100.00,250.00
2026-07-08T11:59:18Z,louisiana,port-allen,15813,4747-river-road-70767,https://truckparkingclub.com/truck-parking/louisiana/port-allen/4747-river-road-70767,1,Bobtail / Box Truck,15,,20.00,80.00,200.00
2026-07-08T11:59:18Z,louisiana,port-allen,15815,1956-court-st-70767,https://truckparkingclub.com/truck-parking/louisiana/port-allen/1956-court-st-70767,1,Bobtail / Box Truck,50,,20.00,80.00,200.00
2026-07-08T11:59:18Z,louisiana,port-allen,15817,1467-court-st-70767,https://truckparkingclub.com/truck-parking/louisiana/port-allen/1467-court-st-70767,1,Truck + Trailer,10,,25.00,100.00,250.00
2026-07-08T14:44:01Z,louisiana,port-allen,15813,4747-river-road-70767,https://truckparkingclub.com/truck-parking/louisiana/port-allen/4747-river-road-70767,1,Bobtail / Box Truck,15,,20.00,80.00,200.00
2026-07-08T14:44:01Z,louisiana,port-allen,15815,1956-court-st-70767,https://truckparkingclub.com/truck-parking/louisiana/port-allen/1956-court-st-70767,1,Bobtail / Box Truck,50,,20.00,80.00,200.00
2026-07-08T14:44:01Z,louisiana,port-allen,15817,1467-court-st-70767,https://truckparkingclub.com/truck-parking/louisiana/port-allen/1467-court-st-70767,1,Truck + Trailer,10,,25.00,100.00,250.00
2026-07-08T16:52:52Z,louisiana,port-allen,15813,4747-river-road-70767,https://truckparkingclub.com/truck-parking/louisiana/port-allen/4747-river-road-70767,1,Bobtail / Box Truck,15,,20.00,80.00,200.00
2026-07-08T16:52:52Z,louisiana,port-allen,15815,1956-court-st-70767,https://truckparkingclub.com/truck-parking/louisiana/port-allen/1956-court-st-70767,1,Bobtail / Box Truck,50,,20.00,80.00,200.00
2026-07-08T16:52:52Z,louisiana,port-allen,15817,1467-court-st-70767,https://truckparkingclub.com/truck-parking/louisiana/port-allen/1467-court-st-70767,1,Truck + Trailer,10,,25.00,100.00,250.00
2026-07-08T18:50:34Z,louisiana,port-allen,15813,4747-river-road-70767,https://truckparkingclub.com/truck-parking/louisiana/port-allen/4747-river-road-70767,1,Bobtail / Box Truck,15,,20.00,80.00,200.00
2026-07-08T18:50:34Z,louisiana,port-allen,15815,1956-court-st-70767,https://truckparkingclub.com/truck-parking/louisiana/port-allen/1956-court-st-70767,1,Bobtail / Box Truck,50,,20.00,80.00,200.00
2026-07-08T18:50:34Z,louisiana,port-allen,15817,1467-court-st-70767,https://truckparkingclub.com/truck-parking/louisiana/port-allen/1467-court-st-70767,1,Truck + Trailer,10,,25.00,100.00,250.00
2026-07-08T20:39:26Z,louisiana,port-allen,15813,4747-river-road-70767,https://truckparkingclub.com/truck-parking/louisiana/port-allen/4747-river-road-70767,1,Bobtail / Box Truck,15,,20.00,80.00,200.00
2026-07-08T20:39:26Z,louisiana,port-allen,15815,1956-court-st-70767,https://truckparkingclub.com/truck-parking/louisiana/port-allen/1956-court-st-70767,1,Bobtail / Box Truck,50,,20.00,80.00,200.00
2026-07-08T20:39:26Z,louisiana,port-allen,15817,1467-court-st-70767,https://truckparkingclub.com/truck-parking/louisiana/port-allen/1467-court-st-70767,1,Truck + Trailer,10,,25.00,100.00,250.00
2026-07-08T22:27:05Z,louisiana,port-allen,15813,4747-river-road-70767,https://truckparkingclub.com/truck-parking/louisiana/port-allen/4747-river-road-70767,1,Bobtail / Box Truck,15,,20.00,80.00,200.00
2026-07-08T22:27:05Z,louisiana,port-allen,15815,1956-court-st-70767,https://truckparkingclub.com/truck-parking/louisiana/port-allen/1956-court-st-70767,1,Bobtail / Box Truck,50,,20.00,80.00,200.00
2026-07-08T22:27:05Z,louisiana,port-allen,15817,1467-court-st-70767,https://truckparkingclub.com/truck-parking/louisiana/port-allen/1467-court-st-70767,1,Truck + Trailer,10,,25.00,100.00,250.00
2026-07-09T01:05:15Z,louisiana,port-allen,15813,4747-river-road-70767,https://truckparkingclub.com/truck-parking/louisiana/port-allen/4747-river-road-70767,1,Bobtail / Box Truck,15,,20.00,80.00,200.00
2026-07-09T01:05:15Z,louisiana,port-allen,15815,1956-court-st-70767,https://truckparkingclub.com/truck-parking/louisiana/port-allen/1956-court-st-70767,1,Bobtail / Box Truck,50,,20.00,80.00,200.00
2026-07-09T01:05:15Z,louisiana,port-allen,15817,1467-court-st-70767,https://truckparkingclub.com/truck-parking/louisiana/port-allen/1467-court-st-70767,1,Truck + Trailer,10,,25.00,100.00,250.00
2026-07-09T05:16:16Z,louisiana,port-allen,15813,4747-river-road-70767,https://truckparkingclub.com/truck-parking/louisiana/port-allen/4747-river-road-70767,1,Bobtail / Box Truck,15,,20.00,80.00,200.00
2026-07-09T05:16:16Z,louisiana,port-allen,15815,1956-court-st-70767,https://truckparkingclub.com/truck-parking/louisiana/port-allen/1956-court-st-70767,1,Bobtail / Box Truck,50,,20.00,80.00,200.00
2026-07-09T05:16:16Z,louisiana,port-allen,15817,1467-court-st-70767,https://truckparkingclub.com/truck-parking/louisiana/port-allen/1467-court-st-70767,1,Truck + Trailer,10,,25.00,100.00,250.00
2026-07-09T08:48:55Z,louisiana,port-allen,15813,4747-river-road-70767,https://truckparkingclub.com/truck-parking/louisiana/port-allen/4747-river-road-70767,1,Bobtail / Box Truck,15,,20.00,80.00,200.00
2026-07-09T08:48:55Z,louisiana,port-allen,15815,1956-court-st-70767,https://truckparkingclub.com/truck-parking/louisiana/port-allen/1956-court-st-70767,1,Bobtail / Box Truck,50,,20.00,80.00,200.00
2026-07-09T08:48:55Z,louisiana,port-allen,15817,1467-court-st-70767,https://truckparkingclub.com/truck-parking/louisiana/port-allen/1467-court-st-70767,1,Truck + Trailer,10,,25.00,100.00,250.00
2026-07-09T12:22:39Z,louisiana,port-allen,15813,4747-river-road-70767,https://truckparkingclub.com/truck-parking/louisiana/port-allen/4747-river-road-70767,1,Bobtail / Box Truck,15,,20.00,80.00,200.00
2026-07-09T12:22:39Z,louisiana,port-allen,15815,1956-court-st-70767,https://truckparkingclub.com/truck-parking/louisiana/port-allen/1956-court-st-70767,1,Bobtail / Box Truck,50,,20.00,80.00,200.00
2026-07-09T12:22:39Z,louisiana,port-allen,15817,1467-court-st-70767,https://truckparkingclub.com/truck-parking/louisiana/port-allen/1467-court-st-70767,1,Truck + Trailer,10,,25.00,100.00,250.00
2026-07-09T15:37:23Z,louisiana,port-allen,15813,4747-river-road-70767,https://truckparkingclub.com/truck-parking/louisiana/port-allen/4747-river-road-70767,1,Bobtail / Box Truck,15,,20.00,80.00,200.00
2026-07-09T15:37:23Z,louisiana,port-allen,15815,1956-court-st-70767,https://truckparkingclub.com/truck-parking/louisiana/port-allen/1956-court-st-70767,1,Bobtail / Box Truck,50,,20.00,80.00,200.00
2026-07-09T15:37:23Z,louisiana,port-allen,15817,1467-court-st-70767,https://truckparkingclub.com/truck-parking/louisiana/port-allen/1467-court-st-70767,1,Truck + Trailer,10,,25.00,100.00,250.00
2026-07-09T18:13:23Z,louisiana,port-allen,15813,4747-river-road-70767,https://truckparkingclub.com/truck-parking/louisiana/port-allen/4747-river-road-70767,1,Bobtail / Box Truck,15,,20.00,80.00,200.00
2026-07-09T18:13:23Z,louisiana,port-allen,15815,1956-court-st-70767,https://truckparkingclub.com/truck-parking/louisiana/port-allen/1956-court-st-70767,1,Bobtail / Box Truck,50,,20.00,80.00,200.00
2026-07-09T18:13:23Z,louisiana,port-allen,15817,1467-court-st-70767,https://truckparkingclub.com/truck-parking/louisiana/port-allen/1467-court-st-70767,1,Truck + Trailer,10,,25.00,100.00,250.00
2026-07-09T20:10:30Z,louisiana,port-allen,15813,4747-river-road-70767,https://truckparkingclub.com/truck-parking/louisiana/port-allen/4747-river-road-70767,1,Bobtail / Box Truck,15,,20.00,80.00,200.00
2026-07-09T20:10:30Z,louisiana,port-allen,15815,1956-court-st-70767,https://truckparkingclub.com/truck-parking/louisiana/port-allen/1956-court-st-70767,1,Bobtail / Box Truck,50,,20.00,80.00,200.00
2026-07-09T20:10:30Z,louisiana,port-allen,15817,1467-court-st-70767,https://truckparkingclub.com/truck-parking/louisiana/port-allen/1467-court-st-70767,1,Truck + Trailer,10,,25.00,100.00,250.00
2026-07-09T21:50:40Z,louisiana,port-allen,15813,4747-river-road-70767,https://truckparkingclub.com/truck-parking/louisiana/port-allen/4747-river-road-70767,1,Bobtail / Box Truck,15,,20.00,80.00,200.00
2026-07-09T21:50:40Z,louisiana,port-allen,15815,1956-court-st-70767,https://truckparkingclub.com/truck-parking/louisiana/port-allen/1956-court-st-70767,1,Bobtail / Box Truck,50,,20.00,80.00,200.00
2026-07-09T21:50:40Z,louisiana,port-allen,15817,1467-court-st-70767,https://truckparkingclub.com/truck-parking/louisiana/port-allen/1467-court-st-70767,1,Truck + Trailer,10,,25.00,100.00,250.00
2026-07-09T23:40:00Z,louisiana,port-allen,15813,4747-river-road-70767,https://truckparkingclub.com/truck-parking/louisiana/port-allen/4747-river-road-70767,1,Bobtail / Box Truck,15,,20.00,80.00,200.00
2026-07-09T23:40:00Z,louisiana,port-allen,15815,1956-court-st-70767,https://truckparkingclub.com/truck-parking/louisiana/port-allen/1956-court-st-70767,1,Bobtail / Box Truck,50,,20.00,80.00,200.00
2026-07-09T23:40:00Z,louisiana,port-allen,15817,1467-court-st-70767,https://truckparkingclub.com/truck-parking/louisiana/port-allen/1467-court-st-70767,1,Truck + Trailer,10,,25.00,100.00,250.00
2026-07-10T04:27:42Z,louisiana,port-allen,15813,4747-river-road-70767,https://truckparkingclub.com/truck-parking/louisiana/port-allen/4747-river-road-70767,1,Bobtail / Box Truck,15,,20.00,80.00,200.00
2026-07-10T04:27:42Z,louisiana,port-allen,15815,1956-court-st-70767,https://truckparkingclub.com/truck-parking/louisiana/port-allen/1956-court-st-70767,1,Bobtail / Box Truck,50,,20.00,80.00,200.00
2026-07-10T04:27:42Z,louisiana,port-allen,15817,1467-court-st-70767,https://truckparkingclub.com/truck-parking/louisiana/port-allen/1467-court-st-70767,1,Truck + Trailer,10,,25.00,100.00,250.00
2026-07-10T08:44:45Z,louisiana,port-allen,15813,4747-river-road-70767,https://truckparkingclub.com/truck-parking/louisiana/port-allen/4747-river-road-70767,1,Bobtail / Box Truck,15,,20.00,80.00,200.00
2026-07-10T08:44:45Z,louisiana,port-allen,15815,1956-court-st-70767,https://truckparkingclub.com/truck-parking/louisiana/port-allen/1956-court-st-70767,1,Bobtail / Box Truck,50,,20.00,80.00,200.00
2026-07-10T08:44:45Z,louisiana,port-allen,15817,1467-court-st-70767,https://truckparkingclub.com/truck-parking/louisiana/port-allen/1467-court-st-70767,1,Truck + Trailer,10,,25.00,100.00,250.00
2026-07-10T12:10:25Z,louisiana,port-allen,15813,4747-river-road-70767,https://truckparkingclub.com/truck-parking/louisiana/port-allen/4747-river-road-70767,1,Bobtail / Box Truck,15,,20.00,80.00,200.00
2026-07-10T12:10:25Z,louisiana,port-allen,15815,1956-court-st-70767,https://truckparkingclub.com/truck-parking/louisiana/port-allen/1956-court-st-70767,1,Bobtail / Box Truck,50,,20.00,80.00,200.00
2026-07-10T12:10:25Z,louisiana,port-allen,15817,1467-court-st-70767,https://truckparkingclub.com/truck-parking/louisiana/port-allen/1467-court-st-70767,1,Truck + Trailer,10,,25.00,100.00,250.00
2026-07-10T15:05:52Z,louisiana,port-allen,15813,4747-river-road-70767,https://truckparkingclub.com/truck-parking/louisiana/port-allen/4747-river-road-70767,1,Bobtail / Box Truck,15,,20.00,80.00,200.00
2026-07-10T15:05:52Z,louisiana,port-allen,15815,1956-court-st-70767,https://truckparkingclub.com/truck-parking/louisiana/port-allen/1956-court-st-70767,1,Bobtail / Box Truck,50,,20.00,80.00,200.00
2026-07-10T15:05:52Z,louisiana,port-allen,15817,1467-court-st-70767,https://truckparkingclub.com/truck-parking/louisiana/port-allen/1467-court-st-70767,1,Truck + Trailer,10,,25.00,100.00,250.00
2026-07-10T17:12:44Z,louisiana,port-allen,15813,4747-river-road-70767,https://truckparkingclub.com/truck-parking/louisiana/port-allen/4747-river-road-70767,1,Bobtail / Box Truck,15,,20.00,80.00,200.00
2026-07-10T17:12:44Z,louisiana,port-allen,15815,1956-court-st-70767,https://truckparkingclub.com/truck-parking/louisiana/port-allen/1956-court-st-70767,1,Bobtail / Box Truck,50,,20.00,80.00,200.00
2026-07-10T17:12:44Z,louisiana,port-allen,15817,1467-court-st-70767,https://truckparkingclub.com/truck-parking/louisiana/port-allen/1467-court-st-70767,1,Truck + Trailer,10,,25.00,100.00,250.00
2026-07-10T18:50:48Z,louisiana,port-allen,15813,4747-river-road-70767,https://truckparkingclub.com/truck-parking/louisiana/port-allen/4747-river-road-70767,1,Bobtail / Box Truck,15,,20.00,80.00,200.00
2026-07-10T18:50:48Z,louisiana,port-allen,15815,1956-court-st-70767,https://truckparkingclub.com/truck-parking/louisiana/port-allen/1956-court-st-70767,1,Bobtail / Box Truck,50,,20.00,80.00,200.00
2026-07-10T18:50:48Z,louisiana,port-allen,15817,1467-court-st-70767,https://truckparkingclub.com/truck-parking/louisiana/port-allen/1467-court-st-70767,1,Truck + Trailer,10,,25.00,100.00,250.00
2026-07-10T20:45:30Z,louisiana,port-allen,15813,4747-river-road-70767,https://truckparkingclub.com/truck-parking/louisiana/port-allen/4747-river-road-70767,1,Bobtail / Box Truck,15,,20.00,80.00,200.00
2026-07-10T20:45:30Z,louisiana,port-allen,15815,1956-court-st-70767,https://truckparkingclub.com/truck-parking/louisiana/port-allen/1956-court-st-70767,1,Bobtail / Box Truck,50,,20.00,80.00,200.00
2026-07-10T20:45:30Z,louisiana,port-allen,15817,1467-court-st-70767,https://truckparkingclub.com/truck-parking/louisiana/port-allen/1467-court-st-70767,1,Truck + Trailer,10,,25.00,100.00,250.00
2026-07-10T22:28:08Z,louisiana,port-allen,15813,4747-river-road-70767,https://truckparkingclub.com/truck-parking/louisiana/port-allen/4747-river-road-70767,1,Bobtail / Box Truck,15,,20.00,80.00,200.00
2026-07-10T22:28:08Z,louisiana,port-allen,15815,1956-court-st-70767,https://truckparkingclub.com/truck-parking/louisiana/port-allen/1956-court-st-70767,1,Bobtail / Box Truck,50,,20.00,80.00,200.00
2026-07-10T22:28:08Z,louisiana,port-allen,15817,1467-court-st-70767,https://truckparkingclub.com/truck-parking/louisiana/port-allen/1467-court-st-70767,1,Truck + Trailer,10,,25.00,100.00,250.00
2026-07-11T00:13:30Z,louisiana,port-allen,15813,4747-river-road-70767,https://truckparkingclub.com/truck-parking/louisiana/port-allen/4747-river-road-70767,1,Bobtail / Box Truck,15,,20.00,80.00,200.00
2026-07-11T00:13:30Z,louisiana,port-allen,15815,1956-court-st-70767,https://truckparkingclub.com/truck-parking/louisiana/port-allen/1956-court-st-70767,1,Bobtail / Box Truck,50,,20.00,80.00,200.00
2026-07-11T00:13:30Z,louisiana,port-allen,15817,1467-court-st-70767,https://truckparkingclub.com/truck-parking/louisiana/port-allen/1467-court-st-70767,1,Truck + Trailer,10,,25.00,100.00,250.00
2026-07-11T03:47:09Z,louisiana,port-allen,15813,4747-river-road-70767,https://truckparkingclub.com/truck-parking/louisiana/port-allen/4747-river-road-70767,1,Bobtail / Box Truck,15,,20.00,80.00,200.00
2026-07-11T03:47:09Z,louisiana,port-allen,15815,1956-court-st-70767,https://truckparkingclub.com/truck-parking/louisiana/port-allen/1956-court-st-70767,1,Bobtail / Box Truck,50,,20.00,80.00,200.00
2026-07-11T03:47:09Z,louisiana,port-allen,15817,1467-court-st-70767,https://truckparkingclub.com/truck-parking/louisiana/port-allen/1467-court-st-70767,1,Truck + Trailer,10,,25.00,100.00,250.00
2026-07-11T06:29:17Z,louisiana,port-allen,15813,4747-river-road-70767,https://truckparkingclub.com/truck-parking/louisiana/port-allen/4747-river-road-70767,1,Bobtail / Box Truck,15,,20.00,80.00,200.00
2026-07-11T06:29:17Z,louisiana,port-allen,15815,1956-court-st-70767,https://truckparkingclub.com/truck-parking/louisiana/port-allen/1956-court-st-70767,1,Bobtail / Box Truck,50,,20.00,80.00,200.00
2026-07-11T06:29:17Z,louisiana,port-allen,15817,1467-court-st-70767,https://truckparkingclub.com/truck-parking/louisiana/port-allen/1467-court-st-70767,1,Truck + Trailer,10,,25.00,100.00,250.00
2026-07-11T09:00:59Z,louisiana,port-allen,15813,4747-river-road-70767,https://truckparkingclub.com/truck-parking/louisiana/port-allen/4747-river-road-70767,1,Bobtail / Box Truck,15,,20.00,80.00,200.00
2026-07-11T09:00:59Z,louisiana,port-allen,15815,1956-court-st-70767,https://truckparkingclub.com/truck-parking/louisiana/port-allen/1956-court-st-70767,1,Bobtail / Box Truck,50,,20.00,80.00,200.00
2026-07-11T09:00:59Z,louisiana,port-allen,15817,1467-court-st-70767,https://truckparkingclub.com/truck-parking/louisiana/port-allen/1467-court-st-70767,1,Truck + Trailer,10,,25.00,100.00,250.00
2026-07-11T10:36:20Z,louisiana,port-allen,15813,4747-river-road-70767,https://truckparkingclub.com/truck-parking/louisiana/port-allen/4747-river-road-70767,1,Bobtail / Box Truck,15,,20.00,80.00,200.00
2026-07-11T10:36:20Z,louisiana,port-allen,15815,1956-court-st-70767,https://truckparkingclub.com/truck-parking/louisiana/port-allen/1956-court-st-70767,1,Bobtail / Box Truck,50,,20.00,80.00,200.00
2026-07-11T10:36:20Z,louisiana,port-allen,15817,1467-court-st-70767,https://truckparkingclub.com/truck-parking/louisiana/port-allen/1467-court-st-70767,1,Truck + Trailer,10,,25.00,100.00,250.00
2026-07-11T12:08:23Z,louisiana,port-allen,15813,4747-river-road-70767,https://truckparkingclub.com/truck-parking/louisiana/port-allen/4747-river-road-70767,1,Bobtail / Box Truck,15,,20.00,80.00,200.00
2026-07-11T12:08:23Z,louisiana,port-allen,15815,1956-court-st-70767,https://truckparkingclub.com/truck-parking/louisiana/port-allen/1956-court-st-70767,1,Bobtail / Box Truck,50,,20.00,80.00,200.00
2026-07-11T12:08:23Z,louisiana,port-allen,15817,1467-court-st-70767,https://truckparkingclub.com/truck-parking/louisiana/port-allen/1467-court-st-70767,1,Truck + Trailer,10,,25.00,100.00,250.00
2026-07-11T13:57:39Z,louisiana,port-allen,15813,4747-river-road-70767,https://truckparkingclub.com/truck-parking/louisiana/port-allen/4747-river-road-70767,1,Bobtail / Box Truck,15,,20.00,80.00,200.00
2026-07-11T13:57:39Z,louisiana,port-allen,15815,1956-court-st-70767,https://truckparkingclub.com/truck-parking/louisiana/port-allen/1956-court-st-70767,1,Bobtail / Box Truck,50,,20.00,80.00,200.00
2026-07-11T13:57:39Z,louisiana,port-allen,15817,1467-court-st-70767,https://truckparkingclub.com/truck-parking/louisiana/port-allen/1467-court-st-70767,1,Truck + Trailer,10,,25.00,100.00,250.00
2026-07-11T15:26:11Z,louisiana,port-allen,15813,4747-river-road-70767,https://truckparkingclub.com/truck-parking/louisiana/port-allen/4747-river-road-70767,1,Bobtail / Box Truck,15,,20.00,80.00,200.00
2026-07-11T15:26:11Z,louisiana,port-allen,15815,1956-court-st-70767,https://truckparkingclub.com/truck-parking/louisiana/port-allen/1956-court-st-70767,1,Bobtail / Box Truck,50,,20.00,80.00,200.00
2026-07-11T15:26:11Z,louisiana,port-allen,15817,1467-court-st-70767,https://truckparkingclub.com/truck-parking/louisiana/port-allen/1467-court-st-70767,1,Truck + Trailer,10,,25.00,100.00,250.00
2026-07-11T17:25:49Z,louisiana,port-allen,15813,4747-river-road-70767,https://truckparkingclub.com/truck-parking/louisiana/port-allen/4747-river-road-70767,1,Bobtail / Box Truck,15,,20.00,80.00,200.00
2026-07-11T17:25:49Z,louisiana,port-allen,15815,1956-court-st-70767,https://truckparkingclub.com/truck-parking/louisiana/port-allen/1956-court-st-70767,1,Bobtail / Box Truck,50,,20.00,80.00,200.00
2026-07-11T17:25:49Z,louisiana,port-allen,15817,1467-court-st-70767,https://truckparkingclub.com/truck-parking/louisiana/port-allen/1467-court-st-70767,1,Truck + Trailer,10,,25.00,100.00,250.00
2026-07-11T19:35:41Z,louisiana,port-allen,15813,4747-river-road-70767,https://truckparkingclub.com/truck-parking/louisiana/port-allen/4747-river-road-70767,1,Bobtail / Box Truck,15,,20.00,80.00,200.00
2026-07-11T19:35:41Z,louisiana,port-allen,15815,1956-court-st-70767,https://truckparkingclub.com/truck-parking/louisiana/port-allen/1956-court-st-70767,1,Bobtail / Box Truck,50,,20.00,80.00,200.00
2026-07-11T19:35:41Z,louisiana,port-allen,15817,1467-court-st-70767,https://truckparkingclub.com/truck-parking/louisiana/port-allen/1467-court-st-70767,1,Truck + Trailer,10,,25.00,100.00,250.00
2026-07-11T21:09:20Z,louisiana,port-allen,15813,4747-river-road-70767,https://truckparkingclub.com/truck-parking/louisiana/port-allen/4747-river-road-70767,1,Bobtail / Box Truck,15,,20.00,80.00,200.00
2026-07-11T21:09:20Z,louisiana,port-allen,15815,1956-court-st-70767,https://truckparkingclub.com/truck-parking/louisiana/port-allen/1956-court-st-70767,1,Bobtail / Box Truck,50,,20.00,80.00,200.00
2026-07-11T21:09:20Z,louisiana,port-allen,15817,1467-court-st-70767,https://truckparkingclub.com/truck-parking/louisiana/port-allen/1467-court-st-70767,1,Truck + Trailer,10,,25.00,100.00,250.00
2026-07-11T22:09:52Z,louisiana,port-allen,15813,4747-river-road-70767,https://truckparkingclub.com/truck-parking/louisiana/port-allen/4747-river-road-70767,1,Bobtail / Box Truck,15,,20.00,80.00,200.00
2026-07-11T22:09:52Z,louisiana,port-allen,15815,1956-court-st-70767,https://truckparkingclub.com/truck-parking/louisiana/port-allen/1956-court-st-70767,1,Bobtail / Box Truck,50,,20.00,80.00,200.00
2026-07-11T22:09:52Z,louisiana,port-allen,15817,1467-court-st-70767,https://truckparkingclub.com/truck-parking/louisiana/port-allen/1467-court-st-70767,1,Truck + Trailer,10,,25.00,100.00,250.00
2026-07-11T23:13:32Z,louisiana,port-allen,15813,4747-river-road-70767,https://truckparkingclub.com/truck-parking/louisiana/port-allen/4747-river-road-70767,1,Bobtail / Box Truck,15,,20.00,80.00,200.00
2026-07-11T23:13:32Z,louisiana,port-allen,15815,1956-court-st-70767,https://truckparkingclub.com/truck-parking/louisiana/port-allen/1956-court-st-70767,1,Bobtail / Box Truck,50,,20.00,80.00,200.00
2026-07-11T23:13:32Z,louisiana,port-allen,15817,1467-court-st-70767,https://truckparkingclub.com/truck-parking/louisiana/port-allen/1467-court-st-70767,1,Truck + Trailer,10,,25.00,100.00,250.00
2026-07-12T00:13:44Z,louisiana,port-allen,15813,4747-river-road-70767,https://truckparkingclub.com/truck-parking/louisiana/port-allen/4747-river-road-70767,1,Bobtail / Box Truck,15,,20.00,80.00,200.00
2026-07-12T00:13:44Z,louisiana,port-allen,15815,1956-court-st-70767,https://truckparkingclub.com/truck-parking/louisiana/port-allen/1956-court-st-70767,1,Bobtail / Box Truck,50,,20.00,80.00,200.00
2026-07-12T00:13:44Z,louisiana,port-allen,15817,1467-court-st-70767,https://truckparkingclub.com/truck-parking/louisiana/port-allen/1467-court-st-70767,1,Truck + Trailer,10,,25.00,100.00,250.00
2026-07-12T04:03:23Z,louisiana,port-allen,15813,4747-river-road-70767,https://truckparkingclub.com/truck-parking/louisiana/port-allen/4747-river-road-70767,1,Bobtail / Box Truck,15,,20.00,80.00,200.00
2026-07-12T04:03:23Z,louisiana,port-allen,15815,1956-court-st-70767,https://truckparkingclub.com/truck-parking/louisiana/port-allen/1956-court-st-70767,1,Bobtail / Box Truck,50,,20.00,80.00,200.00
2026-07-12T04:03:23Z,louisiana,port-allen,15817,1467-court-st-70767,https://truckparkingclub.com/truck-parking/louisiana/port-allen/1467-court-st-70767,1,Truck + Trailer,10,,25.00,100.00,250.00
2026-07-12T07:03:54Z,louisiana,port-allen,15813,4747-river-road-70767,https://truckparkingclub.com/truck-parking/louisiana/port-allen/4747-river-road-70767,1,Bobtail / Box Truck,15,,20.00,80.00,200.00
2026-07-12T07:03:54Z,louisiana,port-allen,15815,1956-court-st-70767,https://truckparkingclub.com/truck-parking/louisiana/port-allen/1956-court-st-70767,1,Bobtail / Box Truck,50,,20.00,80.00,200.00
2026-07-12T07:03:54Z,louisiana,port-allen,15817,1467-court-st-70767,https://truckparkingclub.com/truck-parking/louisiana/port-allen/1467-court-st-70767,1,Truck + Trailer,10,,25.00,100.00,250.00
2026-07-12T09:20:24Z,louisiana,port-allen,15813,4747-river-road-70767,https://truckparkingclub.com/truck-parking/louisiana/port-allen/4747-river-road-70767,1,Bobtail / Box Truck,15,,20.00,80.00,200.00
2026-07-12T09:20:24Z,louisiana,port-allen,15815,1956-court-st-70767,https://truckparkingclub.com/truck-parking/louisiana/port-allen/1956-court-st-70767,1,Bobtail / Box Truck,50,,20.00,80.00,200.00
2026-07-12T09:20:24Z,louisiana,port-allen,15817,1467-court-st-70767,https://truckparkingclub.com/truck-parking/louisiana/port-allen/1467-court-st-70767,1,Truck + Trailer,10,,25.00,100.00,250.00
2026-07-12T10:47:48Z,louisiana,port-allen,15813,4747-river-road-70767,https://truckparkingclub.com/truck-parking/louisiana/port-allen/4747-river-road-70767,1,Bobtail / Box Truck,15,,20.00,80.00,200.00
2026-07-12T10:47:48Z,louisiana,port-allen,15815,1956-court-st-70767,https://truckparkingclub.com/truck-parking/louisiana/port-allen/1956-court-st-70767,1,Bobtail / Box Truck,50,,20.00,80.00,200.00
2026-07-12T10:47:48Z,louisiana,port-allen,15817,1467-court-st-70767,https://truckparkingclub.com/truck-parking/louisiana/port-allen/1467-court-st-70767,1,Truck + Trailer,10,,25.00,100.00,250.00
2026-07-12T12:09:41Z,louisiana,port-allen,15813,4747-river-road-70767,https://truckparkingclub.com/truck-parking/louisiana/port-allen/4747-river-road-70767,1,Bobtail / Box Truck,15,,20.00,80.00,200.00
2026-07-12T12:09:41Z,louisiana,port-allen,15815,1956-court-st-70767,https://truckparkingclub.com/truck-parking/louisiana/port-allen/1956-court-st-70767,1,Bobtail / Box Truck,50,,20.00,80.00,200.00
2026-07-12T12:09:41Z,louisiana,port-allen,15817,1467-court-st-70767,https://truckparkingclub.com/truck-parking/louisiana/port-allen/1467-court-st-70767,1,Truck + Trailer,10,,25.00,100.00,250.00
2026-07-12T13:59:00Z,louisiana,port-allen,15813,4747-river-road-70767,https://truckparkingclub.com/truck-parking/louisiana/port-allen/4747-river-road-70767,1,Bobtail / Box Truck,15,,20.00,80.00,200.00
2026-07-12T13:59:00Z,louisiana,port-allen,15815,1956-court-st-70767,https://truckparkingclub.com/truck-parking/louisiana/port-allen/1956-court-st-70767,1,Bobtail / Box Truck,50,,20.00,80.00,200.00
2026-07-12T13:59:00Z,louisiana,port-allen,15817,1467-court-st-70767,https://truckparkingclub.com/truck-parking/louisiana/port-allen/1467-court-st-70767,1,Truck + Trailer,10,,25.00,100.00,250.00
2026-07-12T15:28:19Z,louisiana,port-allen,15813,4747-river-road-70767,https://truckparkingclub.com/truck-parking/louisiana/port-allen/4747-river-road-70767,1,Bobtail / Box Truck,15,,20.00,80.00,200.00
2026-07-12T15:28:19Z,louisiana,port-allen,15815,1956-court-st-70767,https://truckparkingclub.com/truck-parking/louisiana/port-allen/1956-court-st-70767,1,Bobtail / Box Truck,50,,20.00,80.00,200.00
2026-07-12T15:28:19Z,louisiana,port-allen,15817,1467-court-st-70767,https://truckparkingclub.com/truck-parking/louisiana/port-allen/1467-court-st-70767,1,Truck + Trailer,10,,25.00,100.00,250.00
2026-07-12T17:29:08Z,louisiana,port-allen,15813,4747-river-road-70767,https://truckparkingclub.com/truck-parking/louisiana/port-allen/4747-river-road-70767,1,Bobtail / Box Truck,15,,20.00,80.00,200.00
2026-07-12T17:29:08Z,louisiana,port-allen,15815,1956-court-st-70767,https://truckparkingclub.com/truck-parking/louisiana/port-allen/1956-court-st-70767,1,Bobtail / Box Truck,50,,20.00,80.00,200.00
2026-07-12T17:29:08Z,louisiana,port-allen,15817,1467-court-st-70767,https://truckparkingclub.com/truck-parking/louisiana/port-allen/1467-court-st-70767,1,Truck + Trailer,10,,25.00,100.00,250.00
2026-07-12T19:34:17Z,louisiana,port-allen,15813,4747-river-road-70767,https://truckparkingclub.com/truck-parking/louisiana/port-allen/4747-river-road-70767,1,Bobtail / Box Truck,15,,20.00,80.00,200.00
2026-07-12T19:34:17Z,louisiana,port-allen,15815,1956-court-st-70767,https://truckparkingclub.com/truck-parking/louisiana/port-allen/1956-court-st-70767,1,Bobtail / Box Truck,50,,20.00,80.00,200.00
2026-07-12T19:34:17Z,louisiana,port-allen,15817,1467-court-st-70767,https://truckparkingclub.com/truck-parking/louisiana/port-allen/1467-court-st-70767,1,Truck + Trailer,10,,25.00,100.00,250.00
2026-07-12T21:09:08Z,louisiana,port-allen,15813,4747-river-road-70767,https://truckparkingclub.com/truck-parking/louisiana/port-allen/4747-river-road-70767,1,Bobtail / Box Truck,15,,20.00,80.00,200.00
2026-07-12T21:09:08Z,louisiana,port-allen,15815,1956-court-st-70767,https://truckparkingclub.com/truck-parking/louisiana/port-allen/1956-court-st-70767,1,Bobtail / Box Truck,50,,20.00,80.00,200.00
2026-07-12T21:09:08Z,louisiana,port-allen,15817,1467-court-st-70767,https://truckparkingclub.com/truck-parking/louisiana/port-allen/1467-court-st-70767,1,Truck + Trailer,10,,25.00,100.00,250.00
2026-07-12T22:10:22Z,louisiana,port-allen,15813,4747-river-road-70767,https://truckparkingclub.com/truck-parking/louisiana/port-allen/4747-river-road-70767,1,Bobtail / Box Truck,15,,20.00,80.00,200.00
2026-07-12T22:10:22Z,louisiana,port-allen,15815,1956-court-st-70767,https://truckparkingclub.com/truck-parking/louisiana/port-allen/1956-court-st-70767,1,Bobtail / Box Truck,50,,20.00,80.00,200.00
2026-07-12T22:10:22Z,louisiana,port-allen,15817,1467-court-st-70767,https://truckparkingclub.com/truck-parking/louisiana/port-allen/1467-court-st-70767,1,Truck + Trailer,10,,25.00,100.00,250.00
2026-07-12T23:12:06Z,louisiana,port-allen,15813,4747-river-road-70767,https://truckparkingclub.com/truck-parking/louisiana/port-allen/4747-river-road-70767,1,Bobtail / Box Truck,15,,20.00,80.00,200.00
2026-07-12T23:12:06Z,louisiana,port-allen,15815,1956-court-st-70767,https://truckparkingclub.com/truck-parking/louisiana/port-allen/1956-court-st-70767,1,Bobtail / Box Truck,50,,20.00,80.00,200.00
2026-07-12T23:12:06Z,louisiana,port-allen,15817,1467-court-st-70767,https://truckparkingclub.com/truck-parking/louisiana/port-allen/1467-court-st-70767,1,Truck + Trailer,10,,25.00,100.00,250.00
2026-07-13T00:13:53Z,louisiana,port-allen,15813,4747-river-road-70767,https://truckparkingclub.com/truck-parking/louisiana/port-allen/4747-river-road-70767,1,Bobtail / Box Truck,15,,20.00,80.00,200.00
2026-07-13T00:13:53Z,louisiana,port-allen,15815,1956-court-st-70767,https://truckparkingclub.com/truck-parking/louisiana/port-allen/1956-court-st-70767,1,Bobtail / Box Truck,50,,20.00,80.00,200.00
2026-07-13T00:13:53Z,louisiana,port-allen,15817,1467-court-st-70767,https://truckparkingclub.com/truck-parking/louisiana/port-allen/1467-court-st-70767,1,Truck + Trailer,10,,25.00,100.00,250.00
2026-07-13T04:05:02Z,louisiana,port-allen,15813,4747-river-road-70767,https://truckparkingclub.com/truck-parking/louisiana/port-allen/4747-river-road-70767,1,Bobtail / Box Truck,15,,20.00,80.00,200.00
2026-07-13T04:05:02Z,louisiana,port-allen,15815,1956-court-st-70767,https://truckparkingclub.com/truck-parking/louisiana/port-allen/1956-court-st-70767,1,Bobtail / Box Truck,50,,20.00,80.00,200.00
2026-07-13T04:05:02Z,louisiana,port-allen,15817,1467-court-st-70767,https://truckparkingclub.com/truck-parking/louisiana/port-allen/1467-court-st-70767,1,Truck + Trailer,10,,25.00,100.00,250.00
2026-07-13T07:44:10Z,louisiana,port-allen,15813,4747-river-road-70767,https://truckparkingclub.com/truck-parking/louisiana/port-allen/4747-river-road-70767,1,Bobtail / Box Truck,15,,20.00,80.00,200.00
2026-07-13T07:44:10Z,louisiana,port-allen,15815,1956-court-st-70767,https://truckparkingclub.com/truck-parking/louisiana/port-allen/1956-court-st-70767,1,Bobtail / Box Truck,50,,20.00,80.00,200.00
2026-07-13T07:44:10Z,louisiana,port-allen,15817,1467-court-st-70767,https://truckparkingclub.com/truck-parking/louisiana/port-allen/1467-court-st-70767,1,Truck + Trailer,10,,25.00,100.00,250.00
2026-07-13T11:32:21Z,louisiana,port-allen,15813,4747-river-road-70767,https://truckparkingclub.com/truck-parking/louisiana/port-allen/4747-river-road-70767,1,Bobtail / Box Truck,15,,20.00,80.00,200.00
2026-07-13T11:32:21Z,louisiana,port-allen,15815,1956-court-st-70767,https://truckparkingclub.com/truck-parking/louisiana/port-allen/1956-court-st-70767,1,Bobtail / Box Truck,50,,20.00,80.00,200.00
2026-07-13T11:32:21Z,louisiana,port-allen,15817,1467-court-st-70767,https://truckparkingclub.com/truck-parking/louisiana/port-allen/1467-court-st-70767,1,Truck + Trailer,10,,25.00,100.00,250.00
2026-07-13T15:15:40Z,louisiana,port-allen,15813,4747-river-road-70767,https://truckparkingclub.com/truck-parking/louisiana/port-allen/4747-river-road-70767,1,Bobtail / Box Truck,15,,20.00,80.00,200.00
2026-07-13T15:15:40Z,louisiana,port-allen,15815,1956-court-st-70767,https://truckparkingclub.com/truck-parking/louisiana/port-allen/1956-court-st-70767,1,Bobtail / Box Truck,50,,20.00,80.00,200.00
2026-07-13T15:15:40Z,louisiana,port-allen,15817,1467-court-st-70767,https://truckparkingclub.com/truck-parking/louisiana/port-allen/1467-court-st-70767,1,Truck + Trailer,10,,25.00,100.00,250.00
2026-07-13T17:24:40Z,louisiana,port-allen,15813,4747-river-road-70767,https://truckparkingclub.com/truck-parking/louisiana/port-allen/4747-river-road-70767,1,Bobtail / Box Truck,15,,20.00,80.00,200.00
2026-07-13T17:24:40Z,louisiana,port-allen,15815,1956-court-st-70767,https://truckparkingclub.com/truck-parking/louisiana/port-allen/1956-court-st-70767,1,Bobtail / Box Truck,50,,20.00,80.00,200.00
2026-07-13T17:24:40Z,louisiana,port-allen,15817,1467-court-st-70767,https://truckparkingclub.com/truck-parking/louisiana/port-allen/1467-court-st-70767,1,Truck + Trailer,10,,25.00,100.00,250.00
2026-07-13T19:53:27Z,louisiana,port-allen,15813,4747-river-road-70767,https://truckparkingclub.com/truck-parking/louisiana/port-allen/4747-river-road-70767,1,Bobtail / Box Truck,15,,20.00,80.00,200.00
2026-07-13T19:53:27Z,louisiana,port-allen,15815,1956-court-st-70767,https://truckparkingclub.com/truck-parking/louisiana/port-allen/1956-court-st-70767,1,Bobtail / Box Truck,50,,20.00,80.00,200.00
2026-07-13T19:53:27Z,louisiana,port-allen,15817,1467-court-st-70767,https://truckparkingclub.com/truck-parking/louisiana/port-allen/1467-court-st-70767,1,Truck + Trailer,10,,25.00,100.00,250.00
2026-07-13T21:15:23Z,louisiana,port-allen,15813,4747-river-road-70767,https://truckparkingclub.com/truck-parking/louisiana/port-allen/4747-river-road-70767,1,Bobtail / Box Truck,15,,20.00,80.00,200.00
2026-07-13T21:15:23Z,louisiana,port-allen,15815,1956-court-st-70767,https://truckparkingclub.com/truck-parking/louisiana/port-allen/1956-court-st-70767,1,Bobtail / Box Truck,50,,20.00,80.00,200.00
2026-07-13T21:15:23Z,louisiana,port-allen,15817,1467-court-st-70767,https://truckparkingclub.com/truck-parking/louisiana/port-allen/1467-court-st-70767,1,Truck + Trailer,10,,25.00,100.00,250.00
2026-07-13T22:14:01Z,louisiana,port-allen,15813,4747-river-road-70767,https://truckparkingclub.com/truck-parking/louisiana/port-allen/4747-river-road-70767,1,Bobtail / Box Truck,15,,20.00,80.00,200.00
2026-07-13T22:14:01Z,louisiana,port-allen,15815,1956-court-st-70767,https://truckparkingclub.com/truck-parking/louisiana/port-allen/1956-court-st-70767,1,Bobtail / Box Truck,50,,20.00,80.00,200.00
2026-07-13T22:14:01Z,louisiana,port-allen,15817,1467-court-st-70767,https://truckparkingclub.com/truck-parking/louisiana/port-allen/1467-court-st-70767,1,Truck + Trailer,10,,25.00,100.00,250.00
2026-07-13T23:16:15Z,louisiana,port-allen,15813,4747-river-road-70767,https://truckparkingclub.com/truck-parking/louisiana/port-allen/4747-river-road-70767,1,Bobtail / Box Truck,15,,20.00,80.00,200.00
2026-07-13T23:16:15Z,louisiana,port-allen,15815,1956-court-st-70767,https://truckparkingclub.com/truck-parking/louisiana/port-allen/1956-court-st-70767,1,Bobtail / Box Truck,50,,20.00,80.00,200.00
2026-07-13T23:16:15Z,louisiana,port-allen,15817,1467-court-st-70767,https://truckparkingclub.com/truck-parking/louisiana/port-allen/1467-court-st-70767,1,Truck + Trailer,10,,25.00,100.00,250.00
2026-07-14T00:10:31Z,louisiana,port-allen,15813,4747-river-road-70767,https://truckparkingclub.com/truck-parking/louisiana/port-allen/4747-river-road-70767,1,Bobtail / Box Truck,15,,20.00,80.00,200.00
2026-07-14T00:10:31Z,louisiana,port-allen,15815,1956-court-st-70767,https://truckparkingclub.com/truck-parking/louisiana/port-allen/1956-court-st-70767,1,Bobtail / Box Truck,50,,20.00,80.00,200.00
2026-07-14T00:10:31Z,louisiana,port-allen,15817,1467-court-st-70767,https://truckparkingclub.com/truck-parking/louisiana/port-allen/1467-court-st-70767,1,Truck + Trailer,10,,25.00,100.00,250.00
2026-07-14T03:39:58Z,louisiana,port-allen,15813,4747-river-road-70767,https://truckparkingclub.com/truck-parking/louisiana/port-allen/4747-river-road-70767,1,Bobtail / Box Truck,15,,20.00,80.00,200.00
2026-07-14T03:39:58Z,louisiana,port-allen,15815,1956-court-st-70767,https://truckparkingclub.com/truck-parking/louisiana/port-allen/1956-court-st-70767,1,Bobtail / Box Truck,50,,20.00,80.00,200.00
2026-07-14T03:39:58Z,louisiana,port-allen,15817,1467-court-st-70767,https://truckparkingclub.com/truck-parking/louisiana/port-allen/1467-court-st-70767,1,Truck + Trailer,10,,25.00,100.00,250.00
2026-07-14T06:29:42Z,louisiana,port-allen,15813,4747-river-road-70767,https://truckparkingclub.com/truck-parking/louisiana/port-allen/4747-river-road-70767,1,Bobtail / Box Truck,15,,20.00,80.00,200.00
2026-07-14T06:29:42Z,louisiana,port-allen,15815,1956-court-st-70767,https://truckparkingclub.com/truck-parking/louisiana/port-allen/1956-court-st-70767,1,Bobtail / Box Truck,50,,20.00,80.00,200.00
2026-07-14T06:29:42Z,louisiana,port-allen,15817,1467-court-st-70767,https://truckparkingclub.com/truck-parking/louisiana/port-allen/1467-court-st-70767,1,Truck + Trailer,10,,25.00,100.00,250.00
2026-07-14T09:19:53Z,louisiana,port-allen,15813,4747-river-road-70767,https://truckparkingclub.com/truck-parking/louisiana/port-allen/4747-river-road-70767,1,Bobtail / Box Truck,15,,20.00,80.00,200.00
2026-07-14T09:19:53Z,louisiana,port-allen,15815,1956-court-st-70767,https://truckparkingclub.com/truck-parking/louisiana/port-allen/1956-court-st-70767,1,Bobtail / Box Truck,50,,20.00,80.00,200.00
2026-07-14T09:19:53Z,louisiana,port-allen,15817,1467-court-st-70767,https://truckparkingclub.com/truck-parking/louisiana/port-allen/1467-court-st-70767,1,Truck + Trailer,10,,25.00,100.00,250.00
2026-07-14T10:58:35Z,louisiana,port-allen,15813,4747-river-road-70767,https://truckparkingclub.com/truck-parking/louisiana/port-allen/4747-river-road-70767,1,Bobtail / Box Truck,15,,20.00,80.00,200.00
2026-07-14T10:58:35Z,louisiana,port-allen,15815,1956-court-st-70767,https://truckparkingclub.com/truck-parking/louisiana/port-allen/1956-court-st-70767,1,Bobtail / Box Truck,50,,20.00,80.00,200.00
2026-07-14T10:58:35Z,louisiana,port-allen,15817,1467-court-st-70767,https://truckparkingclub.com/truck-parking/louisiana/port-allen/1467-court-st-70767,1,Truck + Trailer,10,,25.00,100.00,250.00
2026-07-14T12:42:02Z,louisiana,port-allen,15813,4747-river-road-70767,https://truckparkingclub.com/truck-parking/louisiana/port-allen/4747-river-road-70767,1,Bobtail / Box Truck,15,,20.00,80.00,200.00
2026-07-14T12:42:02Z,louisiana,port-allen,15815,1956-court-st-70767,https://truckparkingclub.com/truck-parking/louisiana/port-allen/1956-court-st-70767,1,Bobtail / Box Truck,50,,20.00,80.00,200.00
2026-07-14T12:42:02Z,louisiana,port-allen,15817,1467-court-st-70767,https://truckparkingclub.com/truck-parking/louisiana/port-allen/1467-court-st-70767,1,Truck + Trailer,10,,25.00,100.00,250.00
2026-07-14T15:04:37Z,louisiana,port-allen,15813,4747-river-road-70767,https://truckparkingclub.com/truck-parking/louisiana/port-allen/4747-river-road-70767,1,Bobtail / Box Truck,15,,20.00,80.00,200.00
2026-07-14T15:04:37Z,louisiana,port-allen,15815,1956-court-st-70767,https://truckparkingclub.com/truck-parking/louisiana/port-allen/1956-court-st-70767,1,Bobtail / Box Truck,50,,20.00,80.00,200.00
2026-07-14T15:04:37Z,louisiana,port-allen,15817,1467-court-st-70767,https://truckparkingclub.com/truck-parking/louisiana/port-allen/1467-court-st-70767,1,Truck + Trailer,10,,25.00,100.00,250.00
2026-07-14T16:40:42Z,louisiana,port-allen,15813,4747-river-road-70767,https://truckparkingclub.com/truck-parking/louisiana/port-allen/4747-river-road-70767,1,Bobtail / Box Truck,15,,20.00,80.00,200.00
2026-07-14T16:40:42Z,louisiana,port-allen,15815,1956-court-st-70767,https://truckparkingclub.com/truck-parking/louisiana/port-allen/1956-court-st-70767,1,Bobtail / Box Truck,50,,20.00,80.00,200.00
2026-07-14T16:40:42Z,louisiana,port-allen,15817,1467-court-st-70767,https://truckparkingclub.com/truck-parking/louisiana/port-allen/1467-court-st-70767,1,Truck + Trailer,10,,25.00,100.00,250.00
2026-07-14T18:33:24Z,louisiana,port-allen,15813,4747-river-road-70767,https://truckparkingclub.com/truck-parking/louisiana/port-allen/4747-river-road-70767,1,Bobtail / Box Truck,15,,20.00,80.00,200.00
2026-07-14T18:33:24Z,louisiana,port-allen,15815,1956-court-st-70767,https://truckparkingclub.com/truck-parking/louisiana/port-allen/1956-court-st-70767,1,Bobtail / Box Truck,50,,20.00,80.00,200.00
2026-07-14T18:33:24Z,louisiana,port-allen,15817,1467-court-st-70767,https://truckparkingclub.com/truck-parking/louisiana/port-allen/1467-court-st-70767,1,Truck + Trailer,10,,25.00,100.00,250.00
2026-07-14T20:33:13Z,louisiana,port-allen,15813,4747-river-road-70767,https://truckparkingclub.com/truck-parking/louisiana/port-allen/4747-river-road-70767,1,Bobtail / Box Truck,15,,20.00,80.00,200.00
2026-07-14T20:33:13Z,louisiana,port-allen,15815,1956-court-st-70767,https://truckparkingclub.com/truck-parking/louisiana/port-allen/1956-court-st-70767,1,Bobtail / Box Truck,50,,20.00,80.00,200.00
2026-07-14T20:33:13Z,louisiana,port-allen,15817,1467-court-st-70767,https://truckparkingclub.com/truck-parking/louisiana/port-allen/1467-court-st-70767,1,Truck + Trailer,10,,25.00,100.00,250.00
2026-07-14T22:16:45Z,louisiana,port-allen,15813,4747-river-road-70767,https://truckparkingclub.com/truck-parking/louisiana/port-allen/4747-river-road-70767,1,Bobtail / Box Truck,15,,20.00,80.00,200.00
2026-07-14T22:16:45Z,louisiana,port-allen,15815,1956-court-st-70767,https://truckparkingclub.com/truck-parking/louisiana/port-allen/1956-court-st-70767,1,Bobtail / Box Truck,50,,20.00,80.00,200.00
2026-07-14T22:16:45Z,louisiana,port-allen,15817,1467-court-st-70767,https://truckparkingclub.com/truck-parking/louisiana/port-allen/1467-court-st-70767,1,Truck + Trailer,10,,25.00,100.00,250.00
2026-07-14T23:14:25Z,louisiana,port-allen,15813,4747-river-road-70767,https://truckparkingclub.com/truck-parking/louisiana/port-allen/4747-river-road-70767,1,Bobtail / Box Truck,15,,20.00,80.00,200.00
2026-07-14T23:14:25Z,louisiana,port-allen,15815,1956-court-st-70767,https://truckparkingclub.com/truck-parking/louisiana/port-allen/1956-court-st-70767,1,Bobtail / Box Truck,50,,20.00,80.00,200.00
2026-07-14T23:14:25Z,louisiana,port-allen,15817,1467-court-st-70767,https://truckparkingclub.com/truck-parking/louisiana/port-allen/1467-court-st-70767,1,Truck + Trailer,10,,25.00,100.00,250.00
2026-07-15T00:09:04Z,louisiana,port-allen,15813,4747-river-road-70767,https://truckparkingclub.com/truck-parking/louisiana/port-allen/4747-river-road-70767,1,Bobtail / Box Truck,15,,20.00,80.00,200.00
2026-07-15T00:09:04Z,louisiana,port-allen,15815,1956-court-st-70767,https://truckparkingclub.com/truck-parking/louisiana/port-allen/1956-court-st-70767,1,Bobtail / Box Truck,50,,20.00,80.00,200.00
2026-07-15T00:09:04Z,louisiana,port-allen,15817,1467-court-st-70767,https://truckparkingclub.com/truck-parking/louisiana/port-allen/1467-court-st-70767,1,Truck + Trailer,10,,25.00,100.00,250.00
2026-07-15T03:40:34Z,louisiana,port-allen,15813,4747-river-road-70767,https://truckparkingclub.com/truck-parking/louisiana/port-allen/4747-river-road-70767,1,Bobtail / Box Truck,15,,20.00,80.00,200.00
2026-07-15T03:40:34Z,louisiana,port-allen,15815,1956-court-st-70767,https://truckparkingclub.com/truck-parking/louisiana/port-allen/1956-court-st-70767,1,Bobtail / Box Truck,50,,20.00,80.00,200.00
2026-07-15T03:40:34Z,louisiana,port-allen,15817,1467-court-st-70767,https://truckparkingclub.com/truck-parking/louisiana/port-allen/1467-court-st-70767,1,Truck + Trailer,9,,25.00,100.00,250.00
2026-07-15T06:31:40Z,louisiana,port-allen,15813,4747-river-road-70767,https://truckparkingclub.com/truck-parking/louisiana/port-allen/4747-river-road-70767,1,Bobtail / Box Truck,15,,20.00,80.00,200.00
2026-07-15T06:31:40Z,louisiana,port-allen,15815,1956-court-st-70767,https://truckparkingclub.com/truck-parking/louisiana/port-allen/1956-court-st-70767,1,Bobtail / Box Truck,50,,20.00,80.00,200.00
2026-07-15T06:31:40Z,louisiana,port-allen,15817,1467-court-st-70767,https://truckparkingclub.com/truck-parking/louisiana/port-allen/1467-court-st-70767,1,Truck + Trailer,9,,25.00,100.00,250.00
2026-07-15T09:24:04Z,louisiana,port-allen,15813,4747-river-road-70767,https://truckparkingclub.com/truck-parking/louisiana/port-allen/4747-river-road-70767,1,Bobtail / Box Truck,15,,20.00,80.00,200.00
2026-07-15T09:24:04Z,louisiana,port-allen,15815,1956-court-st-70767,https://truckparkingclub.com/truck-parking/louisiana/port-allen/1956-court-st-70767,1,Bobtail / Box Truck,50,,20.00,80.00,200.00
2026-07-15T09:24:04Z,louisiana,port-allen,15817,1467-court-st-70767,https://truckparkingclub.com/truck-parking/louisiana/port-allen/1467-court-st-70767,1,Truck + Trailer,9,,25.00,100.00,250.00
2026-07-15T11:52:54Z,louisiana,port-allen,15813,4747-river-road-70767,https://truckparkingclub.com/truck-parking/louisiana/port-allen/4747-river-road-70767,1,Bobtail / Box Truck,15,,20.00,80.00,200.00
2026-07-15T11:52:54Z,louisiana,port-allen,15815,1956-court-st-70767,https://truckparkingclub.com/truck-parking/louisiana/port-allen/1956-court-st-70767,1,Bobtail / Box Truck,50,,20.00,80.00,200.00
2026-07-15T11:52:54Z,louisiana,port-allen,15817,1467-court-st-70767,https://truckparkingclub.com/truck-parking/louisiana/port-allen/1467-court-st-70767,1,Truck + Trailer,9,,25.00,100.00,250.00
2026-07-15T14:15:01Z,louisiana,port-allen,15813,4747-river-road-70767,https://truckparkingclub.com/truck-parking/louisiana/port-allen/4747-river-road-70767,1,Bobtail / Box Truck,15,,20.00,80.00,200.00
2026-07-15T14:15:01Z,louisiana,port-allen,15815,1956-court-st-70767,https://truckparkingclub.com/truck-parking/louisiana/port-allen/1956-court-st-70767,1,Bobtail / Box Truck,50,,20.00,80.00,200.00
2026-07-15T14:15:01Z,louisiana,port-allen,15817,1467-court-st-70767,https://truckparkingclub.com/truck-parking/louisiana/port-allen/1467-court-st-70767,1,Truck + Trailer,9,,25.00,100.00,250.00
2026-07-15T15:54:55Z,louisiana,port-allen,15813,4747-river-road-70767,https://truckparkingclub.com/truck-parking/louisiana/port-allen/4747-river-road-70767,1,Bobtail / Box Truck,15,,20.00,80.00,200.00
2026-07-15T15:54:55Z,louisiana,port-allen,15815,1956-court-st-70767,https://truckparkingclub.com/truck-parking/louisiana/port-allen/1956-court-st-70767,1,Bobtail / Box Truck,50,,20.00,80.00,200.00
2026-07-15T15:54:55Z,louisiana,port-allen,15817,1467-court-st-70767,https://truckparkingclub.com/truck-parking/louisiana/port-allen/1467-court-st-70767,1,Truck + Trailer,9,,25.00,100.00,250.00
2026-07-15T17:41:45Z,louisiana,port-allen,15813,4747-river-road-70767,https://truckparkingclub.com/truck-parking/louisiana/port-allen/4747-river-road-70767,1,Bobtail / Box Truck,15,,20.00,80.00,200.00
2026-07-15T17:41:45Z,louisiana,port-allen,15815,1956-court-st-70767,https://truckparkingclub.com/truck-parking/louisiana/port-allen/1956-court-st-70767,1,Bobtail / Box Truck,50,,20.00,80.00,200.00
2026-07-15T17:41:45Z,louisiana,port-allen,15817,1467-court-st-70767,https://truckparkingclub.com/truck-parking/louisiana/port-allen/1467-court-st-70767,1,Truck + Trailer,9,,25.00,100.00,250.00
2026-07-15T19:40:14Z,louisiana,port-allen,15813,4747-river-road-70767,https://truckparkingclub.com/truck-parking/louisiana/port-allen/4747-river-road-70767,1,Bobtail / Box Truck,15,,20.00,80.00,200.00
2026-07-15T19:40:14Z,louisiana,port-allen,15815,1956-court-st-70767,https://truckparkingclub.com/truck-parking/louisiana/port-allen/1956-court-st-70767,1,Bobtail / Box Truck,50,,20.00,80.00,200.00
2026-07-15T19:40:14Z,louisiana,port-allen,15817,1467-court-st-70767,https://truckparkingclub.com/truck-parking/louisiana/port-allen/1467-court-st-70767,1,Truck + Trailer,9,,25.00,100.00,250.00
2026-07-15T21:18:17Z,louisiana,port-allen,15813,4747-river-road-70767,https://truckparkingclub.com/truck-parking/louisiana/port-allen/4747-river-road-70767,1,Bobtail / Box Truck,15,,20.00,80.00,200.00
2026-07-15T21:18:17Z,louisiana,port-allen,15815,1956-court-st-70767,https://truckparkingclub.com/truck-parking/louisiana/port-allen/1956-court-st-70767,1,Bobtail / Box Truck,50,,20.00,80.00,200.00
2026-07-15T21:18:17Z,louisiana,port-allen,15817,1467-court-st-70767,https://truckparkingclub.com/truck-parking/louisiana/port-allen/1467-court-st-70767,1,Truck + Trailer,9,,25.00,100.00,250.00
2026-07-15T22:16:52Z,louisiana,port-allen,15813,4747-river-road-70767,https://truckparkingclub.com/truck-parking/louisiana/port-allen/4747-river-road-70767,1,Bobtail / Box Truck,15,,20.00,80.00,200.00
2026-07-15T22:16:52Z,louisiana,port-allen,15815,1956-court-st-70767,https://truckparkingclub.com/truck-parking/louisiana/port-allen/1956-court-st-70767,1,Bobtail / Box Truck,50,,20.00,80.00,200.00
2026-07-15T22:16:52Z,louisiana,port-allen,15817,1467-court-st-70767,https://truckparkingclub.com/truck-parking/louisiana/port-allen/1467-court-st-70767,1,Truck + Trailer,9,,25.00,100.00,250.00
2026-07-15T23:15:57Z,louisiana,port-allen,15813,4747-river-road-70767,https://truckparkingclub.com/truck-parking/louisiana/port-allen/4747-river-road-70767,1,Bobtail / Box Truck,15,,20.00,80.00,200.00
2026-07-15T23:15:57Z,louisiana,port-allen,15815,1956-court-st-70767,https://truckparkingclub.com/truck-parking/louisiana/port-allen/1956-court-st-70767,1,Bobtail / Box Truck,50,,20.00,80.00,200.00
2026-07-15T23:15:57Z,louisiana,port-allen,15817,1467-court-st-70767,https://truckparkingclub.com/truck-parking/louisiana/port-allen/1467-court-st-70767,1,Truck + Trailer,9,,25.00,100.00,250.00
2026-07-16T00:13:06Z,louisiana,port-allen,15813,4747-river-road-70767,https://truckparkingclub.com/truck-parking/louisiana/port-allen/4747-river-road-70767,1,Bobtail / Box Truck,15,,20.00,80.00,200.00
2026-07-16T00:13:06Z,louisiana,port-allen,15815,1956-court-st-70767,https://truckparkingclub.com/truck-parking/louisiana/port-allen/1956-court-st-70767,1,Bobtail / Box Truck,50,,20.00,80.00,200.00
2026-07-16T00:13:06Z,louisiana,port-allen,15817,1467-court-st-70767,https://truckparkingclub.com/truck-parking/louisiana/port-allen/1467-court-st-70767,1,Truck + Trailer,9,,25.00,100.00,250.00
2026-07-16T03:43:11Z,louisiana,port-allen,15813,4747-river-road-70767,https://truckparkingclub.com/truck-parking/louisiana/port-allen/4747-river-road-70767,1,Bobtail / Box Truck,15,,20.00,80.00,200.00
2026-07-16T03:43:11Z,louisiana,port-allen,15815,1956-court-st-70767,https://truckparkingclub.com/truck-parking/louisiana/port-allen/1956-court-st-70767,1,Bobtail / Box Truck,50,,20.00,80.00,200.00
2026-07-16T03:43:11Z,louisiana,port-allen,15817,1467-court-st-70767,https://truckparkingclub.com/truck-parking/louisiana/port-allen/1467-court-st-70767,1,Truck + Trailer,10,,25.00,100.00,250.00
2026-07-16T06:35:16Z,louisiana,port-allen,15813,4747-river-road-70767,https://truckparkingclub.com/truck-parking/louisiana/port-allen/4747-river-road-70767,1,Bobtail / Box Truck,15,,20.00,80.00,200.00
2026-07-16T06:35:16Z,louisiana,port-allen,15815,1956-court-st-70767,https://truckparkingclub.com/truck-parking/louisiana/port-allen/1956-court-st-70767,1,Bobtail / Box Truck,50,,20.00,80.00,200.00
2026-07-16T06:35:16Z,louisiana,port-allen,15817,1467-court-st-70767,https://truckparkingclub.com/truck-parking/louisiana/port-allen/1467-court-st-70767,1,Truck + Trailer,9,,25.00,100.00,250.00
2026-07-16T09:32:21Z,louisiana,port-allen,15813,4747-river-road-70767,https://truckparkingclub.com/truck-parking/louisiana/port-allen/4747-river-road-70767,1,Bobtail / Box Truck,15,,20.00,80.00,200.00
2026-07-16T09:32:21Z,louisiana,port-allen,15815,1956-court-st-70767,https://truckparkingclub.com/truck-parking/louisiana/port-allen/1956-court-st-70767,1,Bobtail / Box Truck,50,,20.00,80.00,200.00
2026-07-16T09:32:21Z,louisiana,port-allen,15817,1467-court-st-70767,https://truckparkingclub.com/truck-parking/louisiana/port-allen/1467-court-st-70767,1,Truck + Trailer,9,,25.00,100.00,250.00
2026-07-16T11:55:45Z,louisiana,port-allen,15813,4747-river-road-70767,https://truckparkingclub.com/truck-parking/louisiana/port-allen/4747-river-road-70767,1,Bobtail / Box Truck,15,,20.00,80.00,200.00
2026-07-16T11:55:45Z,louisiana,port-allen,15815,1956-court-st-70767,https://truckparkingclub.com/truck-parking/louisiana/port-allen/1956-court-st-70767,1,Bobtail / Box Truck,50,,20.00,80.00,200.00
2026-07-16T11:55:45Z,louisiana,port-allen,15817,1467-court-st-70767,https://truckparkingclub.com/truck-parking/louisiana/port-allen/1467-court-st-70767,1,Truck + Trailer,9,,25.00,100.00,250.00
2026-07-16T14:27:22Z,louisiana,port-allen,15813,4747-river-road-70767,https://truckparkingclub.com/truck-parking/louisiana/port-allen/4747-river-road-70767,1,Bobtail / Box Truck,15,,20.00,80.00,200.00
2026-07-16T14:27:22Z,louisiana,port-allen,15815,1956-court-st-70767,https://truckparkingclub.com/truck-parking/louisiana/port-allen/1956-court-st-70767,1,Bobtail / Box Truck,50,,20.00,80.00,200.00
2026-07-16T14:27:22Z,louisiana,port-allen,15817,1467-court-st-70767,https://truckparkingclub.com/truck-parking/louisiana/port-allen/1467-court-st-70767,1,Truck + Trailer,9,,25.00,100.00,250.00
2026-07-16T16:44:58Z,louisiana,port-allen,15813,4747-river-road-70767,https://truckparkingclub.com/truck-parking/louisiana/port-allen/4747-river-road-70767,1,Bobtail / Box Truck,15,,20.00,80.00,200.00
2026-07-16T16:44:58Z,louisiana,port-allen,15815,1956-court-st-70767,https://truckparkingclub.com/truck-parking/louisiana/port-allen/1956-court-st-70767,1,Bobtail / Box Truck,50,,20.00,80.00,200.00
2026-07-16T16:44:58Z,louisiana,port-allen,15817,1467-court-st-70767,https://truckparkingclub.com/truck-parking/louisiana/port-allen/1467-court-st-70767,1,Truck + Trailer,9,,25.00,100.00,250.00
2026-07-16T18:34:59Z,louisiana,port-allen,15813,4747-river-road-70767,https://truckparkingclub.com/truck-parking/louisiana/port-allen/4747-river-road-70767,1,Bobtail / Box Truck,15,,20.00,80.00,200.00
2026-07-16T18:34:59Z,louisiana,port-allen,15815,1956-court-st-70767,https://truckparkingclub.com/truck-parking/louisiana/port-allen/1956-court-st-70767,1,Bobtail / Box Truck,50,,20.00,80.00,200.00
2026-07-16T18:34:59Z,louisiana,port-allen,15817,1467-court-st-70767,https://truckparkingclub.com/truck-parking/louisiana/port-allen/1467-court-st-70767,1,Truck + Trailer,9,,25.00,100.00,250.00
2026-07-16T20:14:13Z,louisiana,port-allen,15813,4747-river-road-70767,https://truckparkingclub.com/truck-parking/louisiana/port-allen/4747-river-road-70767,1,Bobtail / Box Truck,15,,20.00,80.00,200.00
2026-07-16T20:14:13Z,louisiana,port-allen,15815,1956-court-st-70767,https://truckparkingclub.com/truck-parking/louisiana/port-allen/1956-court-st-70767,1,Bobtail / Box Truck,50,,20.00,80.00,200.00
2026-07-16T20:14:13Z,louisiana,port-allen,15817,1467-court-st-70767,https://truckparkingclub.com/truck-parking/louisiana/port-allen/1467-court-st-70767,1,Truck + Trailer,9,,25.00,100.00,250.00
2026-07-16T21:28:02Z,louisiana,port-allen,15813,4747-river-road-70767,https://truckparkingclub.com/truck-parking/louisiana/port-allen/4747-river-road-70767,1,Bobtail / Box Truck,15,,20.00,80.00,200.00
2026-07-16T21:28:02Z,louisiana,port-allen,15815,1956-court-st-70767,https://truckparkingclub.com/truck-parking/louisiana/port-allen/1956-court-st-70767,1,Bobtail / Box Truck,50,,20.00,80.00,200.00
2026-07-16T21:28:02Z,louisiana,port-allen,15817,1467-court-st-70767,https://truckparkingclub.com/truck-parking/louisiana/port-allen/1467-court-st-70767,1,Truck + Trailer,9,,25.00,100.00,250.00
2026-07-16T23:13:52Z,louisiana,port-allen,15813,4747-river-road-70767,https://truckparkingclub.com/truck-parking/louisiana/port-allen/4747-river-road-70767,1,Bobtail / Box Truck,15,,20.00,80.00,200.00
2026-07-16T23:13:52Z,louisiana,port-allen,15815,1956-court-st-70767,https://truckparkingclub.com/truck-parking/louisiana/port-allen/1956-court-st-70767,1,Bobtail / Box Truck,50,,20.00,80.00,200.00
2026-07-16T23:13:52Z,louisiana,port-allen,15817,1467-court-st-70767,https://truckparkingclub.com/truck-parking/louisiana/port-allen/1467-court-st-70767,1,Truck + Trailer,9,,25.00,100.00,250.00
2026-07-17T00:15:21Z,louisiana,port-allen,15813,4747-river-road-70767,https://truckparkingclub.com/truck-parking/louisiana/port-allen/4747-river-road-70767,1,Bobtail / Box Truck,15,,20.00,80.00,200.00
2026-07-17T00:15:21Z,louisiana,port-allen,15815,1956-court-st-70767,https://truckparkingclub.com/truck-parking/louisiana/port-allen/1956-court-st-70767,1,Bobtail / Box Truck,50,,20.00,80.00,200.00
2026-07-17T00:15:21Z,louisiana,port-allen,15817,1467-court-st-70767,https://truckparkingclub.com/truck-parking/louisiana/port-allen/1467-court-st-70767,1,Truck + Trailer,9,,25.00,100.00,250.00
2026-07-17T03:42:45Z,louisiana,port-allen,15813,4747-river-road-70767,https://truckparkingclub.com/truck-parking/louisiana/port-allen/4747-river-road-70767,1,Bobtail / Box Truck,15,,20.00,80.00,200.00
2026-07-17T03:42:45Z,louisiana,port-allen,15815,1956-court-st-70767,https://truckparkingclub.com/truck-parking/louisiana/port-allen/1956-court-st-70767,1,Bobtail / Box Truck,50,,20.00,80.00,200.00
2026-07-17T03:42:45Z,louisiana,port-allen,15817,1467-court-st-70767,https://truckparkingclub.com/truck-parking/louisiana/port-allen/1467-court-st-70767,1,Truck + Trailer,9,,25.00,100.00,250.00
2026-07-17T06:31:09Z,louisiana,port-allen,15813,4747-river-road-70767,https://truckparkingclub.com/truck-parking/louisiana/port-allen/4747-river-road-70767,1,Bobtail / Box Truck,15,,20.00,80.00,200.00
2026-07-17T06:31:09Z,louisiana,port-allen,15815,1956-court-st-70767,https://truckparkingclub.com/truck-parking/louisiana/port-allen/1956-court-st-70767,1,Bobtail / Box Truck,50,,20.00,80.00,200.00
2026-07-17T06:31:09Z,louisiana,port-allen,15817,1467-court-st-70767,https://truckparkingclub.com/truck-parking/louisiana/port-allen/1467-court-st-70767,1,Truck + Trailer,10,,25.00,100.00,250.00
2026-07-17T09:23:30Z,louisiana,port-allen,15813,4747-river-road-70767,https://truckparkingclub.com/truck-parking/louisiana/port-allen/4747-river-road-70767,1,Bobtail / Box Truck,15,,20.00,80.00,200.00
2026-07-17T09:23:30Z,louisiana,port-allen,15815,1956-court-st-70767,https://truckparkingclub.com/truck-parking/louisiana/port-allen/1956-court-st-70767,1,Bobtail / Box Truck,50,,20.00,80.00,200.00
2026-07-17T09:23:30Z,louisiana,port-allen,15817,1467-court-st-70767,https://truckparkingclub.com/truck-parking/louisiana/port-allen/1467-court-st-70767,1,Truck + Trailer,10,,25.00,100.00,250.00
2026-07-17T11:44:14Z,louisiana,port-allen,15813,4747-river-road-70767,https://truckparkingclub.com/truck-parking/louisiana/port-allen/4747-river-road-70767,1,Bobtail / Box Truck,15,,20.00,80.00,200.00
2026-07-17T11:44:14Z,louisiana,port-allen,15815,1956-court-st-70767,https://truckparkingclub.com/truck-parking/louisiana/port-allen/1956-court-st-70767,1,Bobtail / Box Truck,50,,20.00,80.00,200.00
2026-07-17T11:44:14Z,louisiana,port-allen,15817,1467-court-st-70767,https://truckparkingclub.com/truck-parking/louisiana/port-allen/1467-court-st-70767,1,Truck + Trailer,10,,25.00,100.00,250.00
2026-07-17T14:07:02Z,louisiana,port-allen,15813,4747-river-road-70767,https://truckparkingclub.com/truck-parking/louisiana/port-allen/4747-river-road-70767,1,Bobtail / Box Truck,15,,20.00,80.00,200.00
2026-07-17T14:07:02Z,louisiana,port-allen,15815,1956-court-st-70767,https://truckparkingclub.com/truck-parking/louisiana/port-allen/1956-court-st-70767,1,Bobtail / Box Truck,50,,20.00,80.00,200.00
2026-07-17T14:07:02Z,louisiana,port-allen,15817,1467-court-st-70767,https://truckparkingclub.com/truck-parking/louisiana/port-allen/1467-court-st-70767,1,Truck + Trailer,10,,25.00,100.00,250.00
2026-07-17T15:47:37Z,louisiana,port-allen,15813,4747-river-road-70767,https://truckparkingclub.com/truck-parking/louisiana/port-allen/4747-river-road-70767,1,Bobtail / Box Truck,15,,20.00,80.00,200.00
2026-07-17T15:47:37Z,louisiana,port-allen,15815,1956-court-st-70767,https://truckparkingclub.com/truck-parking/louisiana/port-allen/1956-court-st-70767,1,Bobtail / Box Truck,50,,20.00,80.00,200.00
2026-07-17T15:47:37Z,louisiana,port-allen,15817,1467-court-st-70767,https://truckparkingclub.com/truck-parking/louisiana/port-allen/1467-court-st-70767,1,Truck + Trailer,10,,25.00,100.00,250.00
2026-07-17T17:33:29Z,louisiana,port-allen,15813,4747-river-road-70767,https://truckparkingclub.com/truck-parking/louisiana/port-allen/4747-river-road-70767,1,Bobtail / Box Truck,15,,20.00,80.00,200.00
2026-07-17T17:33:29Z,louisiana,port-allen,15815,1956-court-st-70767,https://truckparkingclub.com/truck-parking/louisiana/port-allen/1956-court-st-70767,1,Bobtail / Box Truck,50,,20.00,80.00,200.00
2026-07-17T17:33:29Z,louisiana,port-allen,15817,1467-court-st-70767,https://truckparkingclub.com/truck-parking/louisiana/port-allen/1467-court-st-70767,1,Truck + Trailer,10,,25.00,100.00,250.00
2026-07-17T19:36:14Z,louisiana,port-allen,15813,4747-river-road-70767,https://truckparkingclub.com/truck-parking/louisiana/port-allen/4747-river-road-70767,1,Bobtail / Box Truck,15,,20.00,80.00,200.00
2026-07-17T19:36:14Z,louisiana,port-allen,15815,1956-court-st-70767,https://truckparkingclub.com/truck-parking/louisiana/port-allen/1956-court-st-70767,1,Bobtail / Box Truck,50,,20.00,80.00,200.00
2026-07-17T19:36:14Z,louisiana,port-allen,15817,1467-court-st-70767,https://truckparkingclub.com/truck-parking/louisiana/port-allen/1467-court-st-70767,1,Truck + Trailer,10,,25.00,100.00,250.00
2026-07-17T21:11:04Z,louisiana,port-allen,15813,4747-river-road-70767,https://truckparkingclub.com/truck-parking/louisiana/port-allen/4747-river-road-70767,1,Bobtail / Box Truck,15,,20.00,80.00,200.00
2026-07-17T21:11:04Z,louisiana,port-allen,15815,1956-court-st-70767,https://truckparkingclub.com/truck-parking/louisiana/port-allen/1956-court-st-70767,1,Bobtail / Box Truck,50,,20.00,80.00,200.00
2026-07-17T21:11:04Z,louisiana,port-allen,15817,1467-court-st-70767,https://truckparkingclub.com/truck-parking/louisiana/port-allen/1467-court-st-70767,1,Truck + Trailer,10,,25.00,100.00,250.00
2026-07-17T22:08:55Z,louisiana,port-allen,15813,4747-river-road-70767,https://truckparkingclub.com/truck-parking/louisiana/port-allen/4747-river-road-70767,1,Bobtail / Box Truck,15,,20.00,80.00,200.00
2026-07-17T22:08:55Z,louisiana,port-allen,15815,1956-court-st-70767,https://truckparkingclub.com/truck-parking/louisiana/port-allen/1956-court-st-70767,1,Bobtail / Box Truck,50,,20.00,80.00,200.00
2026-07-17T22:08:55Z,louisiana,port-allen,15817,1467-court-st-70767,https://truckparkingclub.com/truck-parking/louisiana/port-allen/1467-court-st-70767,1,Truck + Trailer,10,,25.00,100.00,250.00
2026-07-17T23:11:20Z,louisiana,port-allen,15813,4747-river-road-70767,https://truckparkingclub.com/truck-parking/louisiana/port-allen/4747-river-road-70767,1,Bobtail / Box Truck,15,,20.00,80.00,200.00
2026-07-17T23:11:20Z,louisiana,port-allen,15815,1956-court-st-70767,https://truckparkingclub.com/truck-parking/louisiana/port-allen/1956-court-st-70767,1,Bobtail / Box Truck,50,,20.00,80.00,200.00
2026-07-17T23:11:20Z,louisiana,port-allen,15817,1467-court-st-70767,https://truckparkingclub.com/truck-parking/louisiana/port-allen/1467-court-st-70767,1,Truck + Trailer,10,,25.00,100.00,250.00
2026-07-18T00:12:31Z,louisiana,port-allen,15813,4747-river-road-70767,https://truckparkingclub.com/truck-parking/louisiana/port-allen/4747-river-road-70767,1,Bobtail / Box Truck,15,,20.00,80.00,200.00
2026-07-18T00:12:31Z,louisiana,port-allen,15815,1956-court-st-70767,https://truckparkingclub.com/truck-parking/louisiana/port-allen/1956-court-st-70767,1,Bobtail / Box Truck,50,,20.00,80.00,200.00
2026-07-18T00:12:31Z,louisiana,port-allen,15817,1467-court-st-70767,https://truckparkingclub.com/truck-parking/louisiana/port-allen/1467-court-st-70767,1,Truck + Trailer,10,,25.00,100.00,250.00
2026-07-18T03:38:14Z,louisiana,port-allen,15813,4747-river-road-70767,https://truckparkingclub.com/truck-parking/louisiana/port-allen/4747-river-road-70767,1,Bobtail / Box Truck,15,,20.00,80.00,200.00
2026-07-18T03:38:14Z,louisiana,port-allen,15815,1956-court-st-70767,https://truckparkingclub.com/truck-parking/louisiana/port-allen/1956-court-st-70767,1,Bobtail / Box Truck,50,,20.00,80.00,200.00
2026-07-18T03:38:14Z,louisiana,port-allen,15817,1467-court-st-70767,https://truckparkingclub.com/truck-parking/louisiana/port-allen/1467-court-st-70767,1,Truck + Trailer,10,,25.00,100.00,250.00
2026-07-18T06:23:32Z,louisiana,port-allen,15813,4747-river-road-70767,https://truckparkingclub.com/truck-parking/louisiana/port-allen/4747-river-road-70767,1,Bobtail / Box Truck,15,,20.00,80.00,200.00
2026-07-18T06:23:32Z,louisiana,port-allen,15815,1956-court-st-70767,https://truckparkingclub.com/truck-parking/louisiana/port-allen/1956-court-st-70767,1,Bobtail / Box Truck,50,,20.00,80.00,200.00
2026-07-18T06:23:32Z,louisiana,port-allen,15817,1467-court-st-70767,https://truckparkingclub.com/truck-parking/louisiana/port-allen/1467-court-st-70767,1,Truck + Trailer,10,,25.00,100.00,250.00
2026-07-18T09:02:04Z,louisiana,port-allen,15813,4747-river-road-70767,https://truckparkingclub.com/truck-parking/louisiana/port-allen/4747-river-road-70767,1,Bobtail / Box Truck,15,,20.00,80.00,200.00
2026-07-18T09:02:04Z,louisiana,port-allen,15815,1956-court-st-70767,https://truckparkingclub.com/truck-parking/louisiana/port-allen/1956-court-st-70767,1,Bobtail / Box Truck,50,,20.00,80.00,200.00
2026-07-18T09:02:04Z,louisiana,port-allen,15817,1467-court-st-70767,https://truckparkingclub.com/truck-parking/louisiana/port-allen/1467-court-st-70767,1,Truck + Trailer,10,,25.00,100.00,250.00
2026-07-18T10:43:11Z,louisiana,port-allen,15813,4747-river-road-70767,https://truckparkingclub.com/truck-parking/louisiana/port-allen/4747-river-road-70767,1,Bobtail / Box Truck,15,,20.00,80.00,200.00
2026-07-18T10:43:11Z,louisiana,port-allen,15815,1956-court-st-70767,https://truckparkingclub.com/truck-parking/louisiana/port-allen/1956-court-st-70767,1,Bobtail / Box Truck,50,,20.00,80.00,200.00
2026-07-18T10:43:11Z,louisiana,port-allen,15817,1467-court-st-70767,https://truckparkingclub.com/truck-parking/louisiana/port-allen/1467-court-st-70767,1,Truck + Trailer,10,,25.00,100.00,250.00
2026-07-18T12:07:57Z,louisiana,port-allen,15813,4747-river-road-70767,https://truckparkingclub.com/truck-parking/louisiana/port-allen/4747-river-road-70767,1,Bobtail / Box Truck,15,,20.00,80.00,200.00
2026-07-18T12:07:57Z,louisiana,port-allen,15815,1956-court-st-70767,https://truckparkingclub.com/truck-parking/louisiana/port-allen/1956-court-st-70767,1,Bobtail / Box Truck,50,,20.00,80.00,200.00
2026-07-18T12:07:57Z,louisiana,port-allen,15817,1467-court-st-70767,https://truckparkingclub.com/truck-parking/louisiana/port-allen/1467-court-st-70767,1,Truck + Trailer,10,,25.00,100.00,250.00
2026-07-18T13:53:30Z,louisiana,port-allen,15813,4747-river-road-70767,https://truckparkingclub.com/truck-parking/louisiana/port-allen/4747-river-road-70767,1,Bobtail / Box Truck,15,,20.00,80.00,200.00
2026-07-18T13:53:30Z,louisiana,port-allen,15815,1956-court-st-70767,https://truckparkingclub.com/truck-parking/louisiana/port-allen/1956-court-st-70767,1,Bobtail / Box Truck,50,,20.00,80.00,200.00
2026-07-18T13:53:30Z,louisiana,port-allen,15817,1467-court-st-70767,https://truckparkingclub.com/truck-parking/louisiana/port-allen/1467-court-st-70767,1,Truck + Trailer,10,,25.00,100.00,250.00
2026-07-18T15:17:41Z,louisiana,port-allen,15813,4747-river-road-70767,https://truckparkingclub.com/truck-parking/louisiana/port-allen/4747-river-road-70767,1,Bobtail / Box Truck,15,,20.00,80.00,200.00
2026-07-18T15:17:41Z,louisiana,port-allen,15815,1956-court-st-70767,https://truckparkingclub.com/truck-parking/louisiana/port-allen/1956-court-st-70767,1,Bobtail / Box Truck,50,,20.00,80.00,200.00
2026-07-18T15:17:41Z,louisiana,port-allen,15817,1467-court-st-70767,https://truckparkingclub.com/truck-parking/louisiana/port-allen/1467-court-st-70767,1,Truck + Trailer,10,,25.00,100.00,250.00
2026-07-18T16:13:38Z,louisiana,port-allen,15813,4747-river-road-70767,https://truckparkingclub.com/truck-parking/louisiana/port-allen/4747-river-road-70767,1,Bobtail / Box Truck,15,,20.00,80.00,200.00
2026-07-18T16:13:38Z,louisiana,port-allen,15815,1956-court-st-70767,https://truckparkingclub.com/truck-parking/louisiana/port-allen/1956-court-st-70767,1,Bobtail / Box Truck,50,,20.00,80.00,200.00
2026-07-18T16:13:38Z,louisiana,port-allen,15817,1467-court-st-70767,https://truckparkingclub.com/truck-parking/louisiana/port-allen/1467-court-st-70767,1,Truck + Trailer,10,,25.00,100.00,250.00
2026-07-18T17:25:16Z,louisiana,port-allen,15813,4747-river-road-70767,https://truckparkingclub.com/truck-parking/louisiana/port-allen/4747-river-road-70767,1,Bobtail / Box Truck,15,,20.00,80.00,200.00
2026-07-18T17:25:16Z,louisiana,port-allen,15815,1956-court-st-70767,https://truckparkingclub.com/truck-parking/louisiana/port-allen/1956-court-st-70767,1,Bobtail / Box Truck,50,,20.00,80.00,200.00
2026-07-18T17:25:16Z,louisiana,port-allen,15817,1467-court-st-70767,https://truckparkingclub.com/truck-parking/louisiana/port-allen/1467-court-st-70767,1,Truck + Trailer,10,,25.00,100.00,250.00
2026-07-18T19:36:05Z,louisiana,port-allen,15813,4747-river-road-70767,https://truckparkingclub.com/truck-parking/louisiana/port-allen/4747-river-road-70767,1,Bobtail / Box Truck,15,,20.00,80.00,200.00
2026-07-18T19:36:05Z,louisiana,port-allen,15815,1956-court-st-70767,https://truckparkingclub.com/truck-parking/louisiana/port-allen/1956-court-st-70767,1,Bobtail / Box Truck,50,,20.00,80.00,200.00
2026-07-18T19:36:05Z,louisiana,port-allen,15817,1467-court-st-70767,https://truckparkingclub.com/truck-parking/louisiana/port-allen/1467-court-st-70767,1,Truck + Trailer,10,,25.00,100.00,250.00
2026-07-18T21:08:29Z,louisiana,port-allen,15813,4747-river-road-70767,https://truckparkingclub.com/truck-parking/louisiana/port-allen/4747-river-road-70767,1,Bobtail / Box Truck,15,,20.00,80.00,200.00
2026-07-18T21:08:29Z,louisiana,port-allen,15815,1956-court-st-70767,https://truckparkingclub.com/truck-parking/louisiana/port-allen/1956-court-st-70767,1,Bobtail / Box Truck,50,,20.00,80.00,200.00
2026-07-18T21:08:29Z,louisiana,port-allen,15817,1467-court-st-70767,https://truckparkingclub.com/truck-parking/louisiana/port-allen/1467-court-st-70767,1,Truck + Trailer,10,,25.00,100.00,250.00
2026-07-18T22:10:08Z,louisiana,port-allen,15813,4747-river-road-70767,https://truckparkingclub.com/truck-parking/louisiana/port-allen/4747-river-road-70767,1,Bobtail / Box Truck,15,,20.00,80.00,200.00
2026-07-18T22:10:08Z,louisiana,port-allen,15815,1956-court-st-70767,https://truckparkingclub.com/truck-parking/louisiana/port-allen/1956-court-st-70767,1,Bobtail / Box Truck,50,,20.00,80.00,200.00
2026-07-18T22:10:08Z,louisiana,port-allen,15817,1467-court-st-70767,https://truckparkingclub.com/truck-parking/louisiana/port-allen/1467-court-st-70767,1,Truck + Trailer,10,,25.00,100.00,250.00
2026-07-18T23:13:56Z,louisiana,port-allen,15813,4747-river-road-70767,https://truckparkingclub.com/truck-parking/louisiana/port-allen/4747-river-road-70767,1,Bobtail / Box Truck,15,,20.00,80.00,200.00
2026-07-18T23:13:56Z,louisiana,port-allen,15815,1956-court-st-70767,https://truckparkingclub.com/truck-parking/louisiana/port-allen/1956-court-st-70767,1,Bobtail / Box Truck,50,,20.00,80.00,200.00
2026-07-18T23:13:56Z,louisiana,port-allen,15817,1467-court-st-70767,https://truckparkingclub.com/truck-parking/louisiana/port-allen/1467-court-st-70767,1,Truck + Trailer,10,,25.00,100.00,250.00
2026-07-19T00:12:51Z,louisiana,port-allen,15813,4747-river-road-70767,https://truckparkingclub.com/truck-parking/louisiana/port-allen/4747-river-road-70767,1,Bobtail / Box Truck,15,,20.00,80.00,200.00
2026-07-19T00:12:51Z,louisiana,port-allen,15815,1956-court-st-70767,https://truckparkingclub.com/truck-parking/louisiana/port-allen/1956-court-st-70767,1,Bobtail / Box Truck,50,,20.00,80.00,200.00
2026-07-19T00:12:51Z,louisiana,port-allen,15817,1467-court-st-70767,https://truckparkingclub.com/truck-parking/louisiana/port-allen/1467-court-st-70767,1,Truck + Trailer,10,,25.00,100.00,250.00
2026-07-19T04:00:06Z,louisiana,port-allen,15813,4747-river-road-70767,https://truckparkingclub.com/truck-parking/louisiana/port-allen/4747-river-road-70767,1,Bobtail / Box Truck,15,,20.00,80.00,200.00
2026-07-19T04:00:06Z,louisiana,port-allen,15815,1956-court-st-70767,https://truckparkingclub.com/truck-parking/louisiana/port-allen/1956-court-st-70767,1,Bobtail / Box Truck,50,,20.00,80.00,200.00
2026-07-19T04:00:06Z,louisiana,port-allen,15817,1467-court-st-70767,https://truckparkingclub.com/truck-parking/louisiana/port-allen/1467-court-st-70767,1,Truck + Trailer,10,,25.00,100.00,250.00
2026-07-19T06:44:54Z,louisiana,port-allen,15813,4747-river-road-70767,https://truckparkingclub.com/truck-parking/louisiana/port-allen/4747-river-road-70767,1,Bobtail / Box Truck,15,,20.00,80.00,200.00
2026-07-19T06:44:54Z,louisiana,port-allen,15815,1956-court-st-70767,https://truckparkingclub.com/truck-parking/louisiana/port-allen/1956-court-st-70767,1,Bobtail / Box Truck,50,,20.00,80.00,200.00
2026-07-19T06:44:54Z,louisiana,port-allen,15817,1467-court-st-70767,https://truckparkingclub.com/truck-parking/louisiana/port-allen/1467-court-st-70767,1,Truck + Trailer,10,,25.00,100.00,250.00
2026-07-19T09:21:24Z,louisiana,port-allen,15813,4747-river-road-70767,https://truckparkingclub.com/truck-parking/louisiana/port-allen/4747-river-road-70767,1,Bobtail / Box Truck,15,,20.00,80.00,200.00
2026-07-19T09:21:24Z,louisiana,port-allen,15815,1956-court-st-70767,https://truckparkingclub.com/truck-parking/louisiana/port-allen/1956-court-st-70767,1,Bobtail / Box Truck,50,,20.00,80.00,200.00
2026-07-19T09:21:24Z,louisiana,port-allen,15817,1467-court-st-70767,https://truckparkingclub.com/truck-parking/louisiana/port-allen/1467-court-st-70767,1,Truck + Trailer,10,,25.00,100.00,250.00
2026-07-19T10:47:52Z,louisiana,port-allen,15813,4747-river-road-70767,https://truckparkingclub.com/truck-parking/louisiana/port-allen/4747-river-road-70767,1,Bobtail / Box Truck,15,,20.00,80.00,200.00
2026-07-19T10:47:52Z,louisiana,port-allen,15815,1956-court-st-70767,https://truckparkingclub.com/truck-parking/louisiana/port-allen/1956-court-st-70767,1,Bobtail / Box Truck,50,,20.00,80.00,200.00
2026-07-19T10:47:52Z,louisiana,port-allen,15817,1467-court-st-70767,https://truckparkingclub.com/truck-parking/louisiana/port-allen/1467-court-st-70767,1,Truck + Trailer,10,,25.00,100.00,250.00
2026-07-19T12:08:17Z,louisiana,port-allen,15813,4747-river-road-70767,https://truckparkingclub.com/truck-parking/louisiana/port-allen/4747-river-road-70767,1,Bobtail / Box Truck,15,,20.00,80.00,200.00
2026-07-19T12:08:17Z,louisiana,port-allen,15815,1956-court-st-70767,https://truckparkingclub.com/truck-parking/louisiana/port-allen/1956-court-st-70767,1,Bobtail / Box Truck,50,,20.00,80.00,200.00
2026-07-19T12:08:17Z,louisiana,port-allen,15817,1467-court-st-70767,https://truckparkingclub.com/truck-parking/louisiana/port-allen/1467-court-st-70767,1,Truck + Trailer,10,,25.00,100.00,250.00
2026-07-19T13:56:51Z,louisiana,port-allen,15813,4747-river-road-70767,https://truckparkingclub.com/truck-parking/louisiana/port-allen/4747-river-road-70767,1,Bobtail / Box Truck,15,,20.00,80.00,200.00
2026-07-19T13:56:51Z,louisiana,port-allen,15815,1956-court-st-70767,https://truckparkingclub.com/truck-parking/louisiana/port-allen/1956-court-st-70767,1,Bobtail / Box Truck,50,,20.00,80.00,200.00
2026-07-19T13:56:51Z,louisiana,port-allen,15817,1467-court-st-70767,https://truckparkingclub.com/truck-parking/louisiana/port-allen/1467-court-st-70767,1,Truck + Trailer,10,,25.00,100.00,250.00
2026-07-19T15:26:18Z,louisiana,port-allen,15813,4747-river-road-70767,https://truckparkingclub.com/truck-parking/louisiana/port-allen/4747-river-road-70767,1,Bobtail / Box Truck,15,,20.00,80.00,200.00
2026-07-19T15:26:18Z,louisiana,port-allen,15815,1956-court-st-70767,https://truckparkingclub.com/truck-parking/louisiana/port-allen/1956-court-st-70767,1,Bobtail / Box Truck,50,,20.00,80.00,200.00
2026-07-19T15:26:18Z,louisiana,port-allen,15817,1467-court-st-70767,https://truckparkingclub.com/truck-parking/louisiana/port-allen/1467-court-st-70767,1,Truck + Trailer,10,,25.00,100.00,250.00
2026-07-19T17:27:27Z,louisiana,port-allen,15813,4747-river-road-70767,https://truckparkingclub.com/truck-parking/louisiana/port-allen/4747-river-road-70767,1,Bobtail / Box Truck,15,,20.00,80.00,200.00
2026-07-19T17:27:27Z,louisiana,port-allen,15815,1956-court-st-70767,https://truckparkingclub.com/truck-parking/louisiana/port-allen/1956-court-st-70767,1,Bobtail / Box Truck,50,,20.00,80.00,200.00
2026-07-19T17:27:27Z,louisiana,port-allen,15817,1467-court-st-70767,https://truckparkingclub.com/truck-parking/louisiana/port-allen/1467-court-st-70767,1,Truck + Trailer,10,,25.00,100.00,250.00
2026-07-19T19:36:11Z,louisiana,port-allen,15813,4747-river-road-70767,https://truckparkingclub.com/truck-parking/louisiana/port-allen/4747-river-road-70767,1,Bobtail / Box Truck,15,,20.00,80.00,200.00
2026-07-19T19:36:11Z,louisiana,port-allen,15815,1956-court-st-70767,https://truckparkingclub.com/truck-parking/louisiana/port-allen/1956-court-st-70767,1,Bobtail / Box Truck,50,,20.00,80.00,200.00
2026-07-19T19:36:11Z,louisiana,port-allen,15817,1467-court-st-70767,https://truckparkingclub.com/truck-parking/louisiana/port-allen/1467-court-st-70767,1,Truck + Trailer,10,,25.00,100.00,250.00
2026-07-19T21:10:05Z,louisiana,port-allen,15813,4747-river-road-70767,https://truckparkingclub.com/truck-parking/louisiana/port-allen/4747-river-road-70767,1,Bobtail / Box Truck,15,,20.00,80.00,200.00
2026-07-19T21:10:05Z,louisiana,port-allen,15815,1956-court-st-70767,https://truckparkingclub.com/truck-parking/louisiana/port-allen/1956-court-st-70767,1,Bobtail / Box Truck,50,,20.00,80.00,200.00
2026-07-19T21:10:05Z,louisiana,port-allen,15817,1467-court-st-70767,https://truckparkingclub.com/truck-parking/louisiana/port-allen/1467-court-st-70767,1,Truck + Trailer,10,,25.00,100.00,250.00
2026-07-19T22:11:42Z,louisiana,port-allen,15813,4747-river-road-70767,https://truckparkingclub.com/truck-parking/louisiana/port-allen/4747-river-road-70767,1,Bobtail / Box Truck,15,,20.00,80.00,200.00
2026-07-19T22:11:42Z,louisiana,port-allen,15815,1956-court-st-70767,https://truckparkingclub.com/truck-parking/louisiana/port-allen/1956-court-st-70767,1,Bobtail / Box Truck,50,,20.00,80.00,200.00
2026-07-19T22:11:42Z,louisiana,port-allen,15817,1467-court-st-70767,https://truckparkingclub.com/truck-parking/louisiana/port-allen/1467-court-st-70767,1,Truck + Trailer,10,,25.00,100.00,250.00
2026-07-19T23:14:47Z,louisiana,port-allen,15813,4747-river-road-70767,https://truckparkingclub.com/truck-parking/louisiana/port-allen/4747-river-road-70767,1,Bobtail / Box Truck,15,,20.00,80.00,200.00
2026-07-19T23:14:47Z,louisiana,port-allen,15815,1956-court-st-70767,https://truckparkingclub.com/truck-parking/louisiana/port-allen/1956-court-st-70767,1,Bobtail / Box Truck,50,,20.00,80.00,200.00
2026-07-19T23:14:47Z,louisiana,port-allen,15817,1467-court-st-70767,https://truckparkingclub.com/truck-parking/louisiana/port-allen/1467-court-st-70767,1,Truck + Trailer,10,,25.00,100.00,250.00
2026-07-20T00:15:31Z,louisiana,port-allen,15813,4747-river-road-70767,https://truckparkingclub.com/truck-parking/louisiana/port-allen/4747-river-road-70767,1,Bobtail / Box Truck,15,,20.00,80.00,200.00
2026-07-20T00:15:31Z,louisiana,port-allen,15815,1956-court-st-70767,https://truckparkingclub.com/truck-parking/louisiana/port-allen/1956-court-st-70767,1,Bobtail / Box Truck,50,,20.00,80.00,200.00
2026-07-20T00:15:31Z,louisiana,port-allen,15817,1467-court-st-70767,https://truckparkingclub.com/truck-parking/louisiana/port-allen/1467-court-st-70767,1,Truck + Trailer,10,,25.00,100.00,250.00
2026-07-20T04:09:24Z,louisiana,port-allen,15813,4747-river-road-70767,https://truckparkingclub.com/truck-parking/louisiana/port-allen/4747-river-road-70767,1,Bobtail / Box Truck,15,,20.00,80.00,200.00
2026-07-20T04:09:24Z,louisiana,port-allen,15815,1956-court-st-70767,https://truckparkingclub.com/truck-parking/louisiana/port-allen/1956-court-st-70767,1,Bobtail / Box Truck,50,,20.00,80.00,200.00
2026-07-20T04:09:24Z,louisiana,port-allen,15817,1467-court-st-70767,https://truckparkingclub.com/truck-parking/louisiana/port-allen/1467-court-st-70767,1,Truck + Trailer,10,,25.00,100.00,250.00
2026-07-20T07:35:45Z,louisiana,port-allen,15813,4747-river-road-70767,https://truckparkingclub.com/truck-parking/louisiana/port-allen/4747-river-road-70767,1,Bobtail / Box Truck,15,,20.00,80.00,200.00
2026-07-20T07:35:45Z,louisiana,port-allen,15815,1956-court-st-70767,https://truckparkingclub.com/truck-parking/louisiana/port-allen/1956-court-st-70767,1,Bobtail / Box Truck,50,,20.00,80.00,200.00
2026-07-20T07:35:45Z,louisiana,port-allen,15817,1467-court-st-70767,https://truckparkingclub.com/truck-parking/louisiana/port-allen/1467-court-st-70767,1,Truck + Trailer,10,,25.00,100.00,250.00
2026-07-20T11:16:45Z,louisiana,port-allen,15813,4747-river-road-70767,https://truckparkingclub.com/truck-parking/louisiana/port-allen/4747-river-road-70767,1,Bobtail / Box Truck,15,,20.00,80.00,200.00
2026-07-20T11:16:45Z,louisiana,port-allen,15815,1956-court-st-70767,https://truckparkingclub.com/truck-parking/louisiana/port-allen/1956-court-st-70767,1,Bobtail / Box Truck,50,,20.00,80.00,200.00
2026-07-20T11:16:45Z,louisiana,port-allen,15817,1467-court-st-70767,https://truckparkingclub.com/truck-parking/louisiana/port-allen/1467-court-st-70767,1,Truck + Trailer,10,,25.00,100.00,250.00
2026-07-20T13:19:55Z,louisiana,port-allen,15813,4747-river-road-70767,https://truckparkingclub.com/truck-parking/louisiana/port-allen/4747-river-road-70767,1,Bobtail / Box Truck,15,,20.00,80.00,200.00
2026-07-20T13:19:55Z,louisiana,port-allen,15815,1956-court-st-70767,https://truckparkingclub.com/truck-parking/louisiana/port-allen/1956-court-st-70767,1,Bobtail / Box Truck,50,,20.00,80.00,200.00
2026-07-20T13:19:55Z,louisiana,port-allen,15817,1467-court-st-70767,https://truckparkingclub.com/truck-parking/louisiana/port-allen/1467-court-st-70767,1,Truck + Trailer,10,,25.00,100.00,250.00
2026-07-20T15:23:39Z,louisiana,port-allen,15813,4747-river-road-70767,https://truckparkingclub.com/truck-parking/louisiana/port-allen/4747-river-road-70767,1,Bobtail / Box Truck,15,,20.00,80.00,200.00
2026-07-20T15:23:39Z,louisiana,port-allen,15815,1956-court-st-70767,https://truckparkingclub.com/truck-parking/louisiana/port-allen/1956-court-st-70767,1,Bobtail / Box Truck,50,,20.00,80.00,200.00
2026-07-20T15:23:39Z,louisiana,port-allen,15817,1467-court-st-70767,https://truckparkingclub.com/truck-parking/louisiana/port-allen/1467-court-st-70767,1,Truck + Trailer,10,,25.00,100.00,250.00
2026-07-20T18:24:10Z,louisiana,port-allen,15813,4747-river-road-70767,https://truckparkingclub.com/truck-parking/louisiana/port-allen/4747-river-road-70767,1,Bobtail / Box Truck,15,,20.00,80.00,200.00
2026-07-20T18:24:10Z,louisiana,port-allen,15815,1956-court-st-70767,https://truckparkingclub.com/truck-parking/louisiana/port-allen/1956-court-st-70767,1,Bobtail / Box Truck,50,,20.00,80.00,200.00
2026-07-20T18:24:10Z,louisiana,port-allen,15817,1467-court-st-70767,https://truckparkingclub.com/truck-parking/louisiana/port-allen/1467-court-st-70767,1,Truck + Trailer,10,,25.00,100.00,250.00
2026-07-20T20:44:05Z,louisiana,port-allen,15813,4747-river-road-70767,https://truckparkingclub.com/truck-parking/louisiana/port-allen/4747-river-road-70767,1,Bobtail / Box Truck,15,,20.00,80.00,200.00
2026-07-20T20:44:05Z,louisiana,port-allen,15815,1956-court-st-70767,https://truckparkingclub.com/truck-parking/louisiana/port-allen/1956-court-st-70767,1,Bobtail / Box Truck,50,,20.00,80.00,200.00
2026-07-20T20:44:05Z,louisiana,port-allen,15817,1467-court-st-70767,https://truckparkingclub.com/truck-parking/louisiana/port-allen/1467-court-st-70767,1,Truck + Trailer,10,,25.00,100.00,250.00
2026-07-20T22:16:17Z,louisiana,port-allen,15813,4747-river-road-70767,https://truckparkingclub.com/truck-parking/louisiana/port-allen/4747-river-road-70767,1,Bobtail / Box Truck,15,,20.00,80.00,200.00
2026-07-20T22:16:17Z,louisiana,port-allen,15815,1956-court-st-70767,https://truckparkingclub.com/truck-parking/louisiana/port-allen/1956-court-st-70767,1,Bobtail / Box Truck,50,,20.00,80.00,200.00
2026-07-20T22:16:17Z,louisiana,port-allen,15817,1467-court-st-70767,https://truckparkingclub.com/truck-parking/louisiana/port-allen/1467-court-st-70767,1,Truck + Trailer,10,,25.00,100.00,250.00
2026-07-20T23:26:41Z,louisiana,port-allen,15813,4747-river-road-70767,https://truckparkingclub.com/truck-parking/louisiana/port-allen/4747-river-road-70767,1,Bobtail / Box Truck,15,,20.00,80.00,200.00
2026-07-20T23:26:41Z,louisiana,port-allen,15815,1956-court-st-70767,https://truckparkingclub.com/truck-parking/louisiana/port-allen/1956-court-st-70767,1,Bobtail / Box Truck,50,,20.00,80.00,200.00
2026-07-20T23:26:41Z,louisiana,port-allen,15817,1467-court-st-70767,https://truckparkingclub.com/truck-parking/louisiana/port-allen/1467-court-st-70767,1,Truck + Trailer,10,,25.00,100.00,250.00
2026-07-21T03:51:14Z,louisiana,port-allen,15813,4747-river-road-70767,https://truckparkingclub.com/truck-parking/louisiana/port-allen/4747-river-road-70767,1,Bobtail / Box Truck,15,,20.00,80.00,200.00
2026-07-21T03:51:14Z,louisiana,port-allen,15815,1956-court-st-70767,https://truckparkingclub.com/truck-parking/louisiana/port-allen/1956-court-st-70767,1,Bobtail / Box Truck,50,,20.00,80.00,200.00
2026-07-21T03:51:14Z,louisiana,port-allen,15817,1467-court-st-70767,https://truckparkingclub.com/truck-parking/louisiana/port-allen/1467-court-st-70767,1,Truck + Trailer,10,,25.00,100.00,250.00
2026-07-21T06:44:03Z,louisiana,port-allen,15813,4747-river-road-70767,https://truckparkingclub.com/truck-parking/louisiana/port-allen/4747-river-road-70767,1,Bobtail / Box Truck,15,,20.00,80.00,200.00
2026-07-21T06:44:03Z,louisiana,port-allen,15815,1956-court-st-70767,https://truckparkingclub.com/truck-parking/louisiana/port-allen/1956-court-st-70767,1,Bobtail / Box Truck,50,,20.00,80.00,200.00
2026-07-21T06:44:03Z,louisiana,port-allen,15817,1467-court-st-70767,https://truckparkingclub.com/truck-parking/louisiana/port-allen/1467-court-st-70767,1,Truck + Trailer,10,,25.00,100.00,250.00
2026-07-21T09:43:51Z,louisiana,port-allen,15813,4747-river-road-70767,https://truckparkingclub.com/truck-parking/louisiana/port-allen/4747-river-road-70767,1,Bobtail / Box Truck,15,,20.00,80.00,200.00
2026-07-21T09:43:51Z,louisiana,port-allen,15815,1956-court-st-70767,https://truckparkingclub.com/truck-parking/louisiana/port-allen/1956-court-st-70767,1,Bobtail / Box Truck,50,,20.00,80.00,200.00
2026-07-21T09:43:51Z,louisiana,port-allen,15817,1467-court-st-70767,https://truckparkingclub.com/truck-parking/louisiana/port-allen/1467-court-st-70767,1,Truck + Trailer,10,,25.00,100.00,250.00
2026-07-21T12:02:53Z,louisiana,port-allen,15813,4747-river-road-70767,https://truckparkingclub.com/truck-parking/louisiana/port-allen/4747-river-road-70767,1,Bobtail / Box Truck,15,,20.00,80.00,200.00
2026-07-21T12:02:53Z,louisiana,port-allen,15815,1956-court-st-70767,https://truckparkingclub.com/truck-parking/louisiana/port-allen/1956-court-st-70767,1,Bobtail / Box Truck,50,,20.00,80.00,200.00
2026-07-21T12:02:53Z,louisiana,port-allen,15817,1467-court-st-70767,https://truckparkingclub.com/truck-parking/louisiana/port-allen/1467-court-st-70767,1,Truck + Trailer,10,,25.00,100.00,250.00
2026-07-21T14:28:17Z,louisiana,port-allen,15813,4747-river-road-70767,https://truckparkingclub.com/truck-parking/louisiana/port-allen/4747-river-road-70767,1,Bobtail / Box Truck,15,,20.00,80.00,200.00
2026-07-21T14:28:17Z,louisiana,port-allen,15815,1956-court-st-70767,https://truckparkingclub.com/truck-parking/louisiana/port-allen/1956-court-st-70767,1,Bobtail / Box Truck,50,,20.00,80.00,200.00
2026-07-21T14:28:17Z,louisiana,port-allen,15817,1467-court-st-70767,https://truckparkingclub.com/truck-parking/louisiana/port-allen/1467-court-st-70767,1,Truck + Trailer,10,,25.00,100.00,250.00
2026-07-21T16:48:40Z,louisiana,port-allen,15813,4747-river-road-70767,https://truckparkingclub.com/truck-parking/louisiana/port-allen/4747-river-road-70767,1,Bobtail / Box Truck,15,,20.00,80.00,200.00
2026-07-21T16:48:40Z,louisiana,port-allen,15815,1956-court-st-70767,https://truckparkingclub.com/truck-parking/louisiana/port-allen/1956-court-st-70767,1,Bobtail / Box Truck,50,,20.00,80.00,200.00
2026-07-21T16:48:40Z,louisiana,port-allen,15817,1467-court-st-70767,https://truckparkingclub.com/truck-parking/louisiana/port-allen/1467-court-st-70767,1,Truck + Trailer,10,,25.00,100.00,250.00
2026-07-21T18:43:34Z,louisiana,port-allen,15813,4747-river-road-70767,https://truckparkingclub.com/truck-parking/louisiana/port-allen/4747-river-road-70767,1,Bobtail / Box Truck,15,,20.00,80.00,200.00
2026-07-21T18:43:34Z,louisiana,port-allen,15815,1956-court-st-70767,https://truckparkingclub.com/truck-parking/louisiana/port-allen/1956-court-st-70767,1,Bobtail / Box Truck,50,,20.00,80.00,200.00
2026-07-21T18:43:34Z,louisiana,port-allen,15817,1467-court-st-70767,https://truckparkingclub.com/truck-parking/louisiana/port-allen/1467-court-st-70767,1,Truck + Trailer,10,,25.00,100.00,250.00
2026-07-21T20:38:18Z,louisiana,port-allen,15813,4747-river-road-70767,https://truckparkingclub.com/truck-parking/louisiana/port-allen/4747-river-road-70767,1,Bobtail / Box Truck,15,,20.00,80.00,200.00
2026-07-21T20:38:18Z,louisiana,port-allen,15815,1956-court-st-70767,https://truckparkingclub.com/truck-parking/louisiana/port-allen/1956-court-st-70767,1,Bobtail / Box Truck,50,,20.00,80.00,200.00
2026-07-21T20:38:18Z,louisiana,port-allen,15817,1467-court-st-70767,https://truckparkingclub.com/truck-parking/louisiana/port-allen/1467-court-st-70767,1,Truck + Trailer,10,,25.00,100.00,250.00
2026-07-21T22:14:13Z,louisiana,port-allen,15813,4747-river-road-70767,https://truckparkingclub.com/truck-parking/louisiana/port-allen/4747-river-road-70767,1,Bobtail / Box Truck,15,,20.00,80.00,200.00
2026-07-21T22:14:13Z,louisiana,port-allen,15815,1956-court-st-70767,https://truckparkingclub.com/truck-parking/louisiana/port-allen/1956-court-st-70767,1,Bobtail / Box Truck,50,,20.00,80.00,200.00
2026-07-21T22:14:13Z,louisiana,port-allen,15817,1467-court-st-70767,https://truckparkingclub.com/truck-parking/louisiana/port-allen/1467-court-st-70767,1,Truck + Trailer,10,,25.00,100.00,250.00
2026-07-21T23:15:07Z,louisiana,port-allen,15813,4747-river-road-70767,https://truckparkingclub.com/truck-parking/louisiana/port-allen/4747-river-road-70767,1,Bobtail / Box Truck,15,,20.00,80.00,200.00
2026-07-21T23:15:07Z,louisiana,port-allen,15815,1956-court-st-70767,https://truckparkingclub.com/truck-parking/louisiana/port-allen/1956-court-st-70767,1,Bobtail / Box Truck,50,,20.00,80.00,200.00
2026-07-21T23:15:07Z,louisiana,port-allen,15817,1467-court-st-70767,https://truckparkingclub.com/truck-parking/louisiana/port-allen/1467-court-st-70767,1,Truck + Trailer,10,,25.00,100.00,250.00
2026-07-22T00:11:13Z,louisiana,port-allen,15813,4747-river-road-70767,https://truckparkingclub.com/truck-parking/louisiana/port-allen/4747-river-road-70767,1,Bobtail / Box Truck,15,,20.00,80.00,200.00
2026-07-22T00:11:13Z,louisiana,port-allen,15815,1956-court-st-70767,https://truckparkingclub.com/truck-parking/louisiana/port-allen/1956-court-st-70767,1,Bobtail / Box Truck,50,,20.00,80.00,200.00
2026-07-22T00:11:13Z,louisiana,port-allen,15817,1467-court-st-70767,https://truckparkingclub.com/truck-parking/louisiana/port-allen/1467-court-st-70767,1,Truck + Trailer,10,,25.00,100.00,250.00
2026-07-22T03:51:37Z,louisiana,port-allen,15813,4747-river-road-70767,https://truckparkingclub.com/truck-parking/louisiana/port-allen/4747-river-road-70767,1,Bobtail / Box Truck,15,,20.00,80.00,200.00
2026-07-22T03:51:37Z,louisiana,port-allen,15815,1956-court-st-70767,https://truckparkingclub.com/truck-parking/louisiana/port-allen/1956-court-st-70767,1,Bobtail / Box Truck,50,,20.00,80.00,200.00
2026-07-22T03:51:37Z,louisiana,port-allen,15817,1467-court-st-70767,https://truckparkingclub.com/truck-parking/louisiana/port-allen/1467-court-st-70767,1,Truck + Trailer,10,,25.00,100.00,250.00
2026-07-22T06:44:57Z,louisiana,port-allen,15813,4747-river-road-70767,https://truckparkingclub.com/truck-parking/louisiana/port-allen/4747-river-road-70767,1,Bobtail / Box Truck,15,,20.00,80.00,200.00
2026-07-22T06:44:57Z,louisiana,port-allen,15815,1956-court-st-70767,https://truckparkingclub.com/truck-parking/louisiana/port-allen/1956-court-st-70767,1,Bobtail / Box Truck,50,,20.00,80.00,200.00
2026-07-22T06:44:57Z,louisiana,port-allen,15817,1467-court-st-70767,https://truckparkingclub.com/truck-parking/louisiana/port-allen/1467-court-st-70767,1,Truck + Trailer,10,,25.00,100.00,250.00
2026-07-22T09:42:18Z,louisiana,port-allen,15813,4747-river-road-70767,https://truckparkingclub.com/truck-parking/louisiana/port-allen/4747-river-road-70767,1,Bobtail / Box Truck,15,,20.00,80.00,200.00
2026-07-22T09:42:18Z,louisiana,port-allen,15815,1956-court-st-70767,https://truckparkingclub.com/truck-parking/louisiana/port-allen/1956-court-st-70767,1,Bobtail / Box Truck,50,,20.00,80.00,200.00
2026-07-22T09:42:18Z,louisiana,port-allen,15817,1467-court-st-70767,https://truckparkingclub.com/truck-parking/louisiana/port-allen/1467-court-st-70767,1,Truck + Trailer,10,,25.00,100.00,250.00
2026-07-22T12:08:01Z,louisiana,port-allen,15813,4747-river-road-70767,https://truckparkingclub.com/truck-parking/louisiana/port-allen/4747-river-road-70767,1,Bobtail / Box Truck,15,,20.00,80.00,200.00
2026-07-22T12:08:01Z,louisiana,port-allen,15815,1956-court-st-70767,https://truckparkingclub.com/truck-parking/louisiana/port-allen/1956-court-st-70767,1,Bobtail / Box Truck,50,,20.00,80.00,200.00
2026-07-22T12:08:01Z,louisiana,port-allen,15817,1467-court-st-70767,https://truckparkingclub.com/truck-parking/louisiana/port-allen/1467-court-st-70767,1,Truck + Trailer,10,,25.00,100.00,250.00
2026-07-22T14:29:26Z,louisiana,port-allen,15813,4747-river-road-70767,https://truckparkingclub.com/truck-parking/louisiana/port-allen/4747-river-road-70767,1,Bobtail / Box Truck,15,,20.00,80.00,200.00
2026-07-22T14:29:26Z,louisiana,port-allen,15815,1956-court-st-70767,https://truckparkingclub.com/truck-parking/louisiana/port-allen/1956-court-st-70767,1,Bobtail / Box Truck,50,,20.00,80.00,200.00
2026-07-22T14:29:26Z,louisiana,port-allen,15817,1467-court-st-70767,https://truckparkingclub.com/truck-parking/louisiana/port-allen/1467-court-st-70767,1,Truck + Trailer,10,,25.00,100.00,250.00
2026-07-22T16:52:19Z,louisiana,port-allen,15813,4747-river-road-70767,https://truckparkingclub.com/truck-parking/louisiana/port-allen/4747-river-road-70767,1,Bobtail / Box Truck,15,,15.00,60.00,150.00
2026-07-22T16:52:19Z,louisiana,port-allen,15815,1956-court-st-70767,https://truckparkingclub.com/truck-parking/louisiana/port-allen/1956-court-st-70767,1,Bobtail / Box Truck,50,,20.00,80.00,200.00
2026-07-22T16:52:19Z,louisiana,port-allen,15817,1467-court-st-70767,https://truckparkingclub.com/truck-parking/louisiana/port-allen/1467-court-st-70767,1,Truck + Trailer,10,,25.00,100.00,250.00
2026-07-22T18:36:45Z,louisiana,port-allen,15813,4747-river-road-70767,https://truckparkingclub.com/truck-parking/louisiana/port-allen/4747-river-road-70767,1,Bobtail / Box Truck,15,,15.00,60.00,150.00
2026-07-22T18:36:45Z,louisiana,port-allen,15815,1956-court-st-70767,https://truckparkingclub.com/truck-parking/louisiana/port-allen/1956-court-st-70767,1,Bobtail / Box Truck,50,,20.00,80.00,200.00
2026-07-22T18:36:45Z,louisiana,port-allen,15817,1467-court-st-70767,https://truckparkingclub.com/truck-parking/louisiana/port-allen/1467-court-st-70767,1,Truck + Trailer,10,,25.00,100.00,250.00
2026-07-22T20:34:02Z,louisiana,port-allen,15813,4747-river-road-70767,https://truckparkingclub.com/truck-parking/louisiana/port-allen/4747-river-road-70767,1,Bobtail / Box Truck,15,,15.00,60.00,150.00
2026-07-22T20:34:02Z,louisiana,port-allen,15815,1956-court-st-70767,https://truckparkingclub.com/truck-parking/louisiana/port-allen/1956-court-st-70767,1,Bobtail / Box Truck,50,,20.00,80.00,200.00
2026-07-22T20:34:02Z,louisiana,port-allen,15817,1467-court-st-70767,https://truckparkingclub.com/truck-parking/louisiana/port-allen/1467-court-st-70767,1,Truck + Trailer,10,,25.00,100.00,250.00
2026-07-22T22:28:03Z,louisiana,port-allen,15813,4747-river-road-70767,https://truckparkingclub.com/truck-parking/louisiana/port-allen/4747-river-road-70767,1,Bobtail / Box Truck,15,,15.00,60.00,150.00
2026-07-22T22:28:03Z,louisiana,port-allen,15815,1956-court-st-70767,https://truckparkingclub.com/truck-parking/louisiana/port-allen/1956-court-st-70767,1,Bobtail / Box Truck,50,,20.00,80.00,200.00
2026-07-22T22:28:03Z,louisiana,port-allen,15817,1467-court-st-70767,https://truckparkingclub.com/truck-parking/louisiana/port-allen/1467-court-st-70767,1,Truck + Trailer,10,,25.00,100.00,250.00
2026-07-23T00:15:53Z,louisiana,port-allen,15813,4747-river-road-70767,https://truckparkingclub.com/truck-parking/louisiana/port-allen/4747-river-road-70767,1,Bobtail / Box Truck,15,,15.00,60.00,150.00
2026-07-23T00:15:53Z,louisiana,port-allen,15815,1956-court-st-70767,https://truckparkingclub.com/truck-parking/louisiana/port-allen/1956-court-st-70767,1,Bobtail / Box Truck,50,,20.00,80.00,200.00
2026-07-23T00:15:53Z,louisiana,port-allen,15817,1467-court-st-70767,https://truckparkingclub.com/truck-parking/louisiana/port-allen/1467-court-st-70767,1,Truck + Trailer,10,,25.00,100.00,250.00
2026-07-23T03:49:15Z,louisiana,port-allen,15813,4747-river-road-70767,https://truckparkingclub.com/truck-parking/louisiana/port-allen/4747-river-road-70767,1,Bobtail / Box Truck,15,,15.00,60.00,150.00
2026-07-23T03:49:15Z,louisiana,port-allen,15815,1956-court-st-70767,https://truckparkingclub.com/truck-parking/louisiana/port-allen/1956-court-st-70767,1,Bobtail / Box Truck,50,,20.00,80.00,200.00
2026-07-23T03:49:15Z,louisiana,port-allen,15817,1467-court-st-70767,https://truckparkingclub.com/truck-parking/louisiana/port-allen/1467-court-st-70767,1,Truck + Trailer,10,,25.00,100.00,250.00
2026-07-23T06:42:33Z,louisiana,port-allen,15813,4747-river-road-70767,https://truckparkingclub.com/truck-parking/louisiana/port-allen/4747-river-road-70767,1,Bobtail / Box Truck,15,,15.00,60.00,150.00
2026-07-23T06:42:33Z,louisiana,port-allen,15815,1956-court-st-70767,https://truckparkingclub.com/truck-parking/louisiana/port-allen/1956-court-st-70767,1,Bobtail / Box Truck,50,,20.00,80.00,200.00
2026-07-23T06:42:33Z,louisiana,port-allen,15817,1467-court-st-70767,https://truckparkingclub.com/truck-parking/louisiana/port-allen/1467-court-st-70767,1,Truck + Trailer,10,,25.00,100.00,250.00
2026-07-23T09:41:27Z,louisiana,port-allen,15813,4747-river-road-70767,https://truckparkingclub.com/truck-parking/louisiana/port-allen/4747-river-road-70767,1,Bobtail / Box Truck,15,,15.00,60.00,150.00
2026-07-23T09:41:27Z,louisiana,port-allen,15815,1956-court-st-70767,https://truckparkingclub.com/truck-parking/louisiana/port-allen/1956-court-st-70767,1,Bobtail / Box Truck,50,,20.00,80.00,200.00
2026-07-23T09:41:27Z,louisiana,port-allen,15817,1467-court-st-70767,https://truckparkingclub.com/truck-parking/louisiana/port-allen/1467-court-st-70767,1,Truck + Trailer,10,,25.00,100.00,250.00
2026-07-23T12:05:24Z,louisiana,port-allen,15813,4747-river-road-70767,https://truckparkingclub.com/truck-parking/louisiana/port-allen/4747-river-road-70767,1,Bobtail / Box Truck,15,,15.00,60.00,150.00
2026-07-23T12:05:24Z,louisiana,port-allen,15815,1956-court-st-70767,https://truckparkingclub.com/truck-parking/louisiana/port-allen/1956-court-st-70767,1,Bobtail / Box Truck,50,,20.00,80.00,200.00
2026-07-23T12:05:24Z,louisiana,port-allen,15817,1467-court-st-70767,https://truckparkingclub.com/truck-parking/louisiana/port-allen/1467-court-st-70767,1,Truck + Trailer,10,,25.00,100.00,250.00
2026-07-23T14:37:08Z,louisiana,port-allen,15813,4747-river-road-70767,https://truckparkingclub.com/truck-parking/louisiana/port-allen/4747-river-road-70767,1,Bobtail / Box Truck,15,,15.00,60.00,150.00
2026-07-23T14:37:08Z,louisiana,port-allen,15815,1956-court-st-70767,https://truckparkingclub.com/truck-parking/louisiana/port-allen/1956-court-st-70767,1,Bobtail / Box Truck,50,,20.00,80.00,200.00
2026-07-23T14:37:08Z,louisiana,port-allen,15817,1467-court-st-70767,https://truckparkingclub.com/truck-parking/louisiana/port-allen/1467-court-st-70767,1,Truck + Trailer,10,,25.00,100.00,250.00
2026-07-23T16:50:02Z,louisiana,port-allen,15813,4747-river-road-70767,https://truckparkingclub.com/truck-parking/louisiana/port-allen/4747-river-road-70767,1,Bobtail / Box Truck,15,,15.00,60.00,150.00
2026-07-23T16:50:02Z,louisiana,port-allen,15815,1956-court-st-70767,https://truckparkingclub.com/truck-parking/louisiana/port-allen/1956-court-st-70767,1,Bobtail / Box Truck,50,,20.00,80.00,200.00
2026-07-23T16:50:02Z,louisiana,port-allen,15817,1467-court-st-70767,https://truckparkingclub.com/truck-parking/louisiana/port-allen/1467-court-st-70767,1,Truck + Trailer,10,,25.00,100.00,250.00
2026-07-23T18:40:08Z,louisiana,port-allen,15813,4747-river-road-70767,https://truckparkingclub.com/truck-parking/louisiana/port-allen/4747-river-road-70767,1,Bobtail / Box Truck,15,,15.00,60.00,150.00
2026-07-23T18:40:08Z,louisiana,port-allen,15815,1956-court-st-70767,https://truckparkingclub.com/truck-parking/louisiana/port-allen/1956-court-st-70767,1,Bobtail / Box Truck,50,,20.00,80.00,200.00
2026-07-23T18:40:08Z,louisiana,port-allen,15817,1467-court-st-70767,https://truckparkingclub.com/truck-parking/louisiana/port-allen/1467-court-st-70767,1,Truck + Trailer,10,,25.00,100.00,250.00
2026-07-23T20:32:46Z,louisiana,port-allen,15813,4747-river-road-70767,https://truckparkingclub.com/truck-parking/louisiana/port-allen/4747-river-road-70767,1,Bobtail / Box Truck,15,,15.00,60.00,150.00
2026-07-23T20:32:46Z,louisiana,port-allen,15815,1956-court-st-70767,https://truckparkingclub.com/truck-parking/louisiana/port-allen/1956-court-st-70767,1,Bobtail / Box Truck,50,,20.00,80.00,200.00
2026-07-23T20:32:46Z,louisiana,port-allen,15817,1467-court-st-70767,https://truckparkingclub.com/truck-parking/louisiana/port-allen/1467-court-st-70767,1,Truck + Trailer,10,,25.00,100.00,250.00
2026-07-23T22:17:52Z,louisiana,port-allen,15813,4747-river-road-70767,https://truckparkingclub.com/truck-parking/louisiana/port-allen/4747-river-road-70767,1,Bobtail / Box Truck,15,,15.00,60.00,150.00
2026-07-23T22:17:52Z,louisiana,port-allen,15815,1956-court-st-70767,https://truckparkingclub.com/truck-parking/louisiana/port-allen/1956-court-st-70767,1,Bobtail / Box Truck,50,,20.00,80.00,200.00
2026-07-23T22:17:52Z,louisiana,port-allen,15817,1467-court-st-70767,https://truckparkingclub.com/truck-parking/louisiana/port-allen/1467-court-st-70767,1,Truck + Trailer,10,,25.00,100.00,250.00
2026-07-23T23:15:07Z,louisiana,port-allen,15813,4747-river-road-70767,https://truckparkingclub.com/truck-parking/louisiana/port-allen/4747-river-road-70767,1,Bobtail / Box Truck,15,,15.00,60.00,150.00
2026-07-23T23:15:07Z,louisiana,port-allen,15815,1956-court-st-70767,https://truckparkingclub.com/truck-parking/louisiana/port-allen/1956-court-st-70767,1,Bobtail / Box Truck,50,,20.00,80.00,200.00
2026-07-23T23:15:07Z,louisiana,port-allen,15817,1467-court-st-70767,https://truckparkingclub.com/truck-parking/louisiana/port-allen/1467-court-st-70767,1,Truck + Trailer,10,,25.00,100.00,250.00
2026-07-24T00:14:03Z,louisiana,port-allen,15813,4747-river-road-70767,https://truckparkingclub.com/truck-parking/louisiana/port-allen/4747-river-road-70767,1,Bobtail / Box Truck,15,,15.00,60.00,150.00
2026-07-24T00:14:03Z,louisiana,port-allen,15815,1956-court-st-70767,https://truckparkingclub.com/truck-parking/louisiana/port-allen/1956-court-st-70767,1,Bobtail / Box Truck,50,,20.00,80.00,200.00
2026-07-24T00:14:03Z,louisiana,port-allen,15817,1467-court-st-70767,https://truckparkingclub.com/truck-parking/louisiana/port-allen/1467-court-st-70767,1,Truck + Trailer,10,,25.00,100.00,250.00
2026-07-24T03:49:07Z,louisiana,port-allen,15813,4747-river-road-70767,https://truckparkingclub.com/truck-parking/louisiana/port-allen/4747-river-road-70767,1,Bobtail / Box Truck,15,,15.00,60.00,150.00
2026-07-24T03:49:07Z,louisiana,port-allen,15815,1956-court-st-70767,https://truckparkingclub.com/truck-parking/louisiana/port-allen/1956-court-st-70767,1,Bobtail / Box Truck,50,,20.00,80.00,200.00
2026-07-24T03:49:07Z,louisiana,port-allen,15817,1467-court-st-70767,https://truckparkingclub.com/truck-parking/louisiana/port-allen/1467-court-st-70767,1,Truck + Trailer,10,,25.00,100.00,250.00
2026-07-24T06:42:09Z,louisiana,port-allen,15813,4747-river-road-70767,https://truckparkingclub.com/truck-parking/louisiana/port-allen/4747-river-road-70767,1,Bobtail / Box Truck,15,,15.00,60.00,150.00
2026-07-24T06:42:09Z,louisiana,port-allen,15815,1956-court-st-70767,https://truckparkingclub.com/truck-parking/louisiana/port-allen/1956-court-st-70767,1,Bobtail / Box Truck,50,,20.00,80.00,200.00
2026-07-24T06:42:09Z,louisiana,port-allen,15817,1467-court-st-70767,https://truckparkingclub.com/truck-parking/louisiana/port-allen/1467-court-st-70767,1,Truck + Trailer,10,,25.00,100.00,250.00
2026-07-24T09:38:49Z,louisiana,port-allen,15813,4747-river-road-70767,https://truckparkingclub.com/truck-parking/louisiana/port-allen/4747-river-road-70767,1,Bobtail / Box Truck,15,,15.00,60.00,150.00
2026-07-24T09:38:49Z,louisiana,port-allen,15815,1956-court-st-70767,https://truckparkingclub.com/truck-parking/louisiana/port-allen/1956-court-st-70767,1,Bobtail / Box Truck,50,,20.00,80.00,200.00
2026-07-24T09:38:49Z,louisiana,port-allen,15817,1467-court-st-70767,https://truckparkingclub.com/truck-parking/louisiana/port-allen/1467-court-st-70767,1,Truck + Trailer,10,,25.00,100.00,250.00
2026-07-24T11:57:29Z,louisiana,port-allen,15813,4747-river-road-70767,https://truckparkingclub.com/truck-parking/louisiana/port-allen/4747-river-road-70767,1,Bobtail / Box Truck,15,,15.00,60.00,150.00
2026-07-24T11:57:29Z,louisiana,port-allen,15815,1956-court-st-70767,https://truckparkingclub.com/truck-parking/louisiana/port-allen/1956-court-st-70767,1,Bobtail / Box Truck,50,,20.00,80.00,200.00
2026-07-24T11:57:29Z,louisiana,port-allen,15817,1467-court-st-70767,https://truckparkingclub.com/truck-parking/louisiana/port-allen/1467-court-st-70767,1,Truck + Trailer,10,,25.00,100.00,250.00
2026-07-24T14:16:44Z,louisiana,port-allen,15813,4747-river-road-70767,https://truckparkingclub.com/truck-parking/louisiana/port-allen/4747-river-road-70767,1,Bobtail / Box Truck,15,,15.00,60.00,150.00
2026-07-24T14:16:44Z,louisiana,port-allen,15815,1956-court-st-70767,https://truckparkingclub.com/truck-parking/louisiana/port-allen/1956-court-st-70767,1,Bobtail / Box Truck,50,,20.00,80.00,200.00
2026-07-24T14:16:44Z,louisiana,port-allen,15817,1467-court-st-70767,https://truckparkingclub.com/truck-parking/louisiana/port-allen/1467-court-st-70767,1,Truck + Trailer,10,,25.00,100.00,250.00
2026-07-24T15:48:17Z,louisiana,port-allen,15813,4747-river-road-70767,https://truckparkingclub.com/truck-parking/louisiana/port-allen/4747-river-road-70767,1,Bobtail / Box Truck,15,,15.00,60.00,150.00
2026-07-24T15:48:17Z,louisiana,port-allen,15815,1956-court-st-70767,https://truckparkingclub.com/truck-parking/louisiana/port-allen/1956-court-st-70767,1,Bobtail / Box Truck,50,,20.00,80.00,200.00
2026-07-24T15:48:17Z,louisiana,port-allen,15817,1467-court-st-70767,https://truckparkingclub.com/truck-parking/louisiana/port-allen/1467-court-st-70767,1,Truck + Trailer,10,,25.00,100.00,250.00
2026-07-24T17:55:00Z,louisiana,port-allen,15813,4747-river-road-70767,https://truckparkingclub.com/truck-parking/louisiana/port-allen/4747-river-road-70767,1,Bobtail / Box Truck,15,,15.00,60.00,150.00
2026-07-24T17:55:00Z,louisiana,port-allen,15815,1956-court-st-70767,https://truckparkingclub.com/truck-parking/louisiana/port-allen/1956-court-st-70767,1,Bobtail / Box Truck,50,,20.00,80.00,200.00
2026-07-24T17:55:00Z,louisiana,port-allen,15817,1467-court-st-70767,https://truckparkingclub.com/truck-parking/louisiana/port-allen/1467-court-st-70767,1,Truck + Trailer,10,,25.00,100.00,250.00
2026-07-24T19:50:41Z,louisiana,port-allen,15813,4747-river-road-70767,https://truckparkingclub.com/truck-parking/louisiana/port-allen/4747-river-road-70767,1,Bobtail / Box Truck,15,,15.00,60.00,150.00
2026-07-24T19:50:41Z,louisiana,port-allen,15815,1956-court-st-70767,https://truckparkingclub.com/truck-parking/louisiana/port-allen/1956-court-st-70767,1,Bobtail / Box Truck,50,,20.00,80.00,200.00
2026-07-24T19:50:41Z,louisiana,port-allen,15817,1467-court-st-70767,https://truckparkingclub.com/truck-parking/louisiana/port-allen/1467-court-st-70767,1,Truck + Trailer,10,,25.00,100.00,250.00
2026-07-24T21:31:53Z,louisiana,port-allen,15813,4747-river-road-70767,https://truckparkingclub.com/truck-parking/louisiana/port-allen/4747-river-road-70767,1,Bobtail / Box Truck,15,,15.00,60.00,150.00
2026-07-24T21:31:53Z,louisiana,port-allen,15815,1956-court-st-70767,https://truckparkingclub.com/truck-parking/louisiana/port-allen/1956-court-st-70767,1,Bobtail / Box Truck,50,,20.00,80.00,200.00
2026-07-24T21:31:53Z,louisiana,port-allen,15817,1467-court-st-70767,https://truckparkingclub.com/truck-parking/louisiana/port-allen/1467-court-st-70767,1,Truck + Trailer,10,,25.00,100.00,250.00
2026-07-24T23:27:55Z,louisiana,port-allen,15813,4747-river-road-70767,https://truckparkingclub.com/truck-parking/louisiana/port-allen/4747-river-road-70767,1,Bobtail / Box Truck,15,,15.00,60.00,150.00
2026-07-24T23:27:55Z,louisiana,port-allen,15815,1956-court-st-70767,https://truckparkingclub.com/truck-parking/louisiana/port-allen/1956-court-st-70767,1,Bobtail / Box Truck,50,,20.00,80.00,200.00
2026-07-24T23:27:55Z,louisiana,port-allen,15817,1467-court-st-70767,https://truckparkingclub.com/truck-parking/louisiana/port-allen/1467-court-st-70767,1,Truck + Trailer,10,,25.00,100.00,250.00
2026-07-25T03:43:10Z,louisiana,port-allen,15813,4747-river-road-70767,https://truckparkingclub.com/truck-parking/louisiana/port-allen/4747-river-road-70767,1,Bobtail / Box Truck,15,,15.00,60.00,150.00
2026-07-25T03:43:10Z,louisiana,port-allen,15815,1956-court-st-70767,https://truckparkingclub.com/truck-parking/louisiana/port-allen/1956-court-st-70767,1,Bobtail / Box Truck,50,,20.00,80.00,200.00
2026-07-25T03:43:10Z,louisiana,port-allen,15817,1467-court-st-70767,https://truckparkingclub.com/truck-parking/louisiana/port-allen/1467-court-st-70767,1,Truck + Trailer,10,,25.00,100.00,250.00
2026-07-25T06:32:04Z,louisiana,port-allen,15813,4747-river-road-70767,https://truckparkingclub.com/truck-parking/louisiana/port-allen/4747-river-road-70767,1,Bobtail / Box Truck,15,,15.00,60.00,150.00
2026-07-25T06:32:04Z,louisiana,port-allen,15815,1956-court-st-70767,https://truckparkingclub.com/truck-parking/louisiana/port-allen/1956-court-st-70767,1,Bobtail / Box Truck,50,,20.00,80.00,200.00
2026-07-25T06:32:04Z,louisiana,port-allen,15817,1467-court-st-70767,https://truckparkingclub.com/truck-parking/louisiana/port-allen/1467-court-st-70767,1,Truck + Trailer,10,,25.00,100.00,250.00
2026-07-25T09:14:18Z,louisiana,port-allen,15813,4747-river-road-70767,https://truckparkingclub.com/truck-parking/louisiana/port-allen/4747-river-road-70767,1,Bobtail / Box Truck,15,,15.00,60.00,150.00
2026-07-25T09:14:18Z,louisiana,port-allen,15815,1956-court-st-70767,https://truckparkingclub.com/truck-parking/louisiana/port-allen/1956-court-st-70767,1,Bobtail / Box Truck,50,,20.00,80.00,200.00
2026-07-25T09:14:18Z,louisiana,port-allen,15817,1467-court-st-70767,https://truckparkingclub.com/truck-parking/louisiana/port-allen/1467-court-st-70767,1,Truck + Trailer,10,,25.00,100.00,250.00
2026-07-25T10:47:23Z,louisiana,port-allen,15813,4747-river-road-70767,https://truckparkingclub.com/truck-parking/louisiana/port-allen/4747-river-road-70767,1,Bobtail / Box Truck,15,,15.00,60.00,150.00
2026-07-25T10:47:23Z,louisiana,port-allen,15815,1956-court-st-70767,https://truckparkingclub.com/truck-parking/louisiana/port-allen/1956-court-st-70767,1,Bobtail / Box Truck,49,,20.00,80.00,200.00
2026-07-25T10:47:23Z,louisiana,port-allen,15817,1467-court-st-70767,https://truckparkingclub.com/truck-parking/louisiana/port-allen/1467-court-st-70767,1,Truck + Trailer,10,,25.00,100.00,250.00
2026-07-25T12:12:02Z,louisiana,port-allen,15813,4747-river-road-70767,https://truckparkingclub.com/truck-parking/louisiana/port-allen/4747-river-road-70767,1,Bobtail / Box Truck,15,,15.00,60.00,150.00
2026-07-25T12:12:02Z,louisiana,port-allen,15815,1956-court-st-70767,https://truckparkingclub.com/truck-parking/louisiana/port-allen/1956-court-st-70767,1,Bobtail / Box Truck,49,,20.00,80.00,200.00
2026-07-25T12:12:02Z,louisiana,port-allen,15817,1467-court-st-70767,https://truckparkingclub.com/truck-parking/louisiana/port-allen/1467-court-st-70767,1,Truck + Trailer,10,,25.00,100.00,250.00
2026-07-25T14:05:46Z,louisiana,port-allen,15813,4747-river-road-70767,https://truckparkingclub.com/truck-parking/louisiana/port-allen/4747-river-road-70767,1,Bobtail / Box Truck,15,,15.00,60.00,150.00
2026-07-25T14:05:46Z,louisiana,port-allen,15815,1956-court-st-70767,https://truckparkingclub.com/truck-parking/louisiana/port-allen/1956-court-st-70767,1,Bobtail / Box Truck,49,,20.00,80.00,200.00
2026-07-25T14:05:46Z,louisiana,port-allen,15817,1467-court-st-70767,https://truckparkingclub.com/truck-parking/louisiana/port-allen/1467-court-st-70767,1,Truck + Trailer,10,,25.00,100.00,250.00
2026-07-25T15:31:48Z,louisiana,port-allen,15813,4747-river-road-70767,https://truckparkingclub.com/truck-parking/louisiana/port-allen/4747-river-road-70767,1,Bobtail / Box Truck,15,,15.00,60.00,150.00
2026-07-25T15:31:48Z,louisiana,port-allen,15815,1956-court-st-70767,https://truckparkingclub.com/truck-parking/louisiana/port-allen/1956-court-st-70767,1,Bobtail / Box Truck,49,,20.00,80.00,200.00
2026-07-25T15:31:48Z,louisiana,port-allen,15817,1467-court-st-70767,https://truckparkingclub.com/truck-parking/louisiana/port-allen/1467-court-st-70767,1,Truck + Trailer,10,,25.00,100.00,250.00
2026-07-25T17:25:46Z,louisiana,port-allen,15813,4747-river-road-70767,https://truckparkingclub.com/truck-parking/louisiana/port-allen/4747-river-road-70767,1,Bobtail / Box Truck,15,,15.00,60.00,150.00
2026-07-25T17:25:46Z,louisiana,port-allen,15815,1956-court-st-70767,https://truckparkingclub.com/truck-parking/louisiana/port-allen/1956-court-st-70767,1,Bobtail / Box Truck,49,,20.00,80.00,200.00
2026-07-25T17:25:46Z,louisiana,port-allen,15817,1467-court-st-70767,https://truckparkingclub.com/truck-parking/louisiana/port-allen/1467-court-st-70767,1,Truck + Trailer,10,,25.00,100.00,250.00
2026-07-25T19:38:07Z,louisiana,port-allen,15813,4747-river-road-70767,https://truckparkingclub.com/truck-parking/louisiana/port-allen/4747-river-road-70767,1,Bobtail / Box Truck,15,,15.00,60.00,150.00
2026-07-25T19:38:07Z,louisiana,port-allen,15815,1956-court-st-70767,https://truckparkingclub.com/truck-parking/louisiana/port-allen/1956-court-st-70767,1,Bobtail / Box Truck,50,,20.00,80.00,200.00
2026-07-25T19:38:07Z,louisiana,port-allen,15817,1467-court-st-70767,https://truckparkingclub.com/truck-parking/louisiana/port-allen/1467-court-st-70767,1,Truck + Trailer,10,,25.00,100.00,250.00
2026-07-25T21:11:20Z,louisiana,port-allen,15813,4747-river-road-70767,https://truckparkingclub.com/truck-parking/louisiana/port-allen/4747-river-road-70767,1,Bobtail / Box Truck,15,,15.00,60.00,150.00
2026-07-25T21:11:20Z,louisiana,port-allen,15815,1956-court-st-70767,https://truckparkingclub.com/truck-parking/louisiana/port-allen/1956-court-st-70767,1,Bobtail / Box Truck,50,,20.00,80.00,200.00
2026-07-25T21:11:20Z,louisiana,port-allen,15817,1467-court-st-70767,https://truckparkingclub.com/truck-parking/louisiana/port-allen/1467-court-st-70767,1,Truck + Trailer,10,,25.00,100.00,250.00
2026-07-25T22:13:11Z,louisiana,port-allen,15813,4747-river-road-70767,https://truckparkingclub.com/truck-parking/louisiana/port-allen/4747-river-road-70767,1,Bobtail / Box Truck,15,,15.00,60.00,150.00
2026-07-25T22:13:11Z,louisiana,port-allen,15815,1956-court-st-70767,https://truckparkingclub.com/truck-parking/louisiana/port-allen/1956-court-st-70767,1,Bobtail / Box Truck,49,,20.00,80.00,200.00
2026-07-25T22:13:11Z,louisiana,port-allen,15817,1467-court-st-70767,https://truckparkingclub.com/truck-parking/louisiana/port-allen/1467-court-st-70767,1,Truck + Trailer,10,,25.00,100.00,250.00
2026-07-25T23:16:00Z,louisiana,port-allen,15813,4747-river-road-70767,https://truckparkingclub.com/truck-parking/louisiana/port-allen/4747-river-road-70767,1,Bobtail / Box Truck,15,,15.00,60.00,150.00
2026-07-25T23:16:00Z,louisiana,port-allen,15815,1956-court-st-70767,https://truckparkingclub.com/truck-parking/louisiana/port-allen/1956-court-st-70767,1,Bobtail / Box Truck,49,,20.00,80.00,200.00
2026-07-25T23:16:00Z,louisiana,port-allen,15817,1467-court-st-70767,https://truckparkingclub.com/truck-parking/louisiana/port-allen/1467-court-st-70767,1,Truck + Trailer,10,,25.00,100.00,250.00
2026-07-26T00:16:38Z,louisiana,port-allen,15813,4747-river-road-70767,https://truckparkingclub.com/truck-parking/louisiana/port-allen/4747-river-road-70767,1,Bobtail / Box Truck,15,,15.00,60.00,150.00
2026-07-26T00:16:38Z,louisiana,port-allen,15815,1956-court-st-70767,https://truckparkingclub.com/truck-parking/louisiana/port-allen/1956-court-st-70767,1,Bobtail / Box Truck,48,,20.00,80.00,200.00
2026-07-26T00:16:38Z,louisiana,port-allen,15817,1467-court-st-70767,https://truckparkingclub.com/truck-parking/louisiana/port-allen/1467-court-st-70767,1,Truck + Trailer,10,,25.00,100.00,250.00
2026-07-26T04:01:36Z,louisiana,port-allen,15813,4747-river-road-70767,https://truckparkingclub.com/truck-parking/louisiana/port-allen/4747-river-road-70767,1,Bobtail / Box Truck,15,,15.00,60.00,150.00
2026-07-26T04:01:36Z,louisiana,port-allen,15815,1956-court-st-70767,https://truckparkingclub.com/truck-parking/louisiana/port-allen/1956-court-st-70767,1,Bobtail / Box Truck,48,,20.00,80.00,200.00
2026-07-26T04:01:36Z,louisiana,port-allen,15817,1467-court-st-70767,https://truckparkingclub.com/truck-parking/louisiana/port-allen/1467-court-st-70767,1,Truck + Trailer,10,,25.00,100.00,250.00
2026-07-26T07:07:05Z,louisiana,port-allen,15813,4747-river-road-70767,https://truckparkingclub.com/truck-parking/louisiana/port-allen/4747-river-road-70767,1,Bobtail / Box Truck,15,,15.00,60.00,150.00
2026-07-26T07:07:05Z,louisiana,port-allen,15815,1956-court-st-70767,https://truckparkingclub.com/truck-parking/louisiana/port-allen/1956-court-st-70767,1,Bobtail / Box Truck,48,,20.00,80.00,200.00
2026-07-26T07:07:05Z,louisiana,port-allen,15817,1467-court-st-70767,https://truckparkingclub.com/truck-parking/louisiana/port-allen/1467-court-st-70767,1,Truck + Trailer,10,,25.00,100.00,250.00
2026-07-26T09:26:38Z,louisiana,port-allen,15813,4747-river-road-70767,https://truckparkingclub.com/truck-parking/louisiana/port-allen/4747-river-road-70767,1,Bobtail / Box Truck,15,,15.00,60.00,150.00
2026-07-26T09:26:38Z,louisiana,port-allen,15815,1956-court-st-70767,https://truckparkingclub.com/truck-parking/louisiana/port-allen/1956-court-st-70767,1,Bobtail / Box Truck,48,,20.00,80.00,200.00
2026-07-26T09:26:38Z,louisiana,port-allen,15817,1467-court-st-70767,https://truckparkingclub.com/truck-parking/louisiana/port-allen/1467-court-st-70767,1,Truck + Trailer,10,,25.00,100.00,250.00
2026-07-26T11:39:23Z,louisiana,port-allen,15813,4747-river-road-70767,https://truckparkingclub.com/truck-parking/louisiana/port-allen/4747-river-road-70767,1,Bobtail / Box Truck,15,,15.00,60.00,150.00
2026-07-26T11:39:23Z,louisiana,port-allen,15815,1956-court-st-70767,https://truckparkingclub.com/truck-parking/louisiana/port-allen/1956-court-st-70767,1,Bobtail / Box Truck,48,,20.00,80.00,200.00
2026-07-26T11:39:23Z,louisiana,port-allen,15817,1467-court-st-70767,https://truckparkingclub.com/truck-parking/louisiana/port-allen/1467-court-st-70767,1,Truck + Trailer,10,,25.00,100.00,250.00
2026-07-26T14:02:34Z,louisiana,port-allen,15813,4747-river-road-70767,https://truckparkingclub.com/truck-parking/louisiana/port-allen/4747-river-road-70767,1,Bobtail / Box Truck,15,,15.00,60.00,150.00
2026-07-26T14:02:34Z,louisiana,port-allen,15815,1956-court-st-70767,https://truckparkingclub.com/truck-parking/louisiana/port-allen/1956-court-st-70767,1,Bobtail / Box Truck,48,,20.00,80.00,200.00
2026-07-26T14:02:34Z,louisiana,port-allen,15817,1467-court-st-70767,https://truckparkingclub.com/truck-parking/louisiana/port-allen/1467-court-st-70767,1,Truck + Trailer,10,,25.00,100.00,250.00
2026-07-26T15:33:24Z,louisiana,port-allen,15813,4747-river-road-70767,https://truckparkingclub.com/truck-parking/louisiana/port-allen/4747-river-road-70767,1,Bobtail / Box Truck,15,,15.00,60.00,150.00
2026-07-26T15:33:24Z,louisiana,port-allen,15815,1956-court-st-70767,https://truckparkingclub.com/truck-parking/louisiana/port-allen/1956-court-st-70767,1,Bobtail / Box Truck,48,,20.00,80.00,200.00
2026-07-26T15:33:24Z,louisiana,port-allen,15817,1467-court-st-70767,https://truckparkingclub.com/truck-parking/louisiana/port-allen/1467-court-st-70767,1,Truck + Trailer,10,,25.00,100.00,250.00
2026-07-26T17:28:09Z,louisiana,port-allen,15813,4747-river-road-70767,https://truckparkingclub.com/truck-parking/louisiana/port-allen/4747-river-road-70767,1,Bobtail / Box Truck,15,,15.00,60.00,150.00
2026-07-26T17:28:09Z,louisiana,port-allen,15815,1956-court-st-70767,https://truckparkingclub.com/truck-parking/louisiana/port-allen/1956-court-st-70767,1,Bobtail / Box Truck,48,,20.00,80.00,200.00
2026-07-26T17:28:09Z,louisiana,port-allen,15817,1467-court-st-70767,https://truckparkingclub.com/truck-parking/louisiana/port-allen/1467-court-st-70767,1,Truck + Trailer,10,,25.00,100.00,250.00
2026-07-26T19:39:33Z,louisiana,port-allen,15813,4747-river-road-70767,https://truckparkingclub.com/truck-parking/louisiana/port-allen/4747-river-road-70767,1,Bobtail / Box Truck,15,,15.00,60.00,150.00
2026-07-26T19:39:33Z,louisiana,port-allen,15815,1956-court-st-70767,https://truckparkingclub.com/truck-parking/louisiana/port-allen/1956-court-st-70767,1,Bobtail / Box Truck,48,,20.00,80.00,200.00
2026-07-26T19:39:33Z,louisiana,port-allen,15817,1467-court-st-70767,https://truckparkingclub.com/truck-parking/louisiana/port-allen/1467-court-st-70767,1,Truck + Trailer,10,,25.00,100.00,250.00
2026-07-26T21:14:04Z,louisiana,port-allen,15813,4747-river-road-70767,https://truckparkingclub.com/truck-parking/louisiana/port-allen/4747-river-road-70767,1,Bobtail / Box Truck,15,,15.00,60.00,150.00
2026-07-26T21:14:04Z,louisiana,port-allen,15815,1956-court-st-70767,https://truckparkingclub.com/truck-parking/louisiana/port-allen/1956-court-st-70767,1,Bobtail / Box Truck,48,,20.00,80.00,200.00
2026-07-26T21:14:04Z,louisiana,port-allen,15817,1467-court-st-70767,https://truckparkingclub.com/truck-parking/louisiana/port-allen/1467-court-st-70767,1,Truck + Trailer,10,,25.00,100.00,250.00
2026-07-26T22:15:44Z,louisiana,port-allen,15813,4747-river-road-70767,https://truckparkingclub.com/truck-parking/louisiana/port-allen/4747-river-road-70767,1,Bobtail / Box Truck,15,,15.00,60.00,150.00
2026-07-26T22:15:44Z,louisiana,port-allen,15815,1956-court-st-70767,https://truckparkingclub.com/truck-parking/louisiana/port-allen/1956-court-st-70767,1,Bobtail / Box Truck,48,,20.00,80.00,200.00
2026-07-26T22:15:44Z,louisiana,port-allen,15817,1467-court-st-70767,https://truckparkingclub.com/truck-parking/louisiana/port-allen/1467-court-st-70767,1,Truck + Trailer,10,,25.00,100.00,250.00
2026-07-26T23:15:42Z,louisiana,port-allen,15813,4747-river-road-70767,https://truckparkingclub.com/truck-parking/louisiana/port-allen/4747-river-road-70767,1,Bobtail / Box Truck,15,,15.00,60.00,150.00
2026-07-26T23:15:42Z,louisiana,port-allen,15815,1956-court-st-70767,https://truckparkingclub.com/truck-parking/louisiana/port-allen/1956-court-st-70767,1,Bobtail / Box Truck,48,,20.00,80.00,200.00
2026-07-26T23:15:42Z,louisiana,port-allen,15817,1467-court-st-70767,https://truckparkingclub.com/truck-parking/louisiana/port-allen/1467-court-st-70767,1,Truck + Trailer,10,,25.00,100.00,250.00
2026-07-27T00:16:17Z,louisiana,port-allen,15813,4747-river-road-70767,https://truckparkingclub.com/truck-parking/louisiana/port-allen/4747-river-road-70767,1,Bobtail / Box Truck,15,,15.00,60.00,150.00
2026-07-27T00:16:17Z,louisiana,port-allen,15815,1956-court-st-70767,https://truckparkingclub.com/truck-parking/louisiana/port-allen/1956-court-st-70767,1,Bobtail / Box Truck,48,,20.00,80.00,200.00
2026-07-27T00:16:17Z,louisiana,port-allen,15817,1467-court-st-70767,https://truckparkingclub.com/truck-parking/louisiana/port-allen/1467-court-st-70767,1,Truck + Trailer,10,,25.00,100.00,250.00
2026-07-27T04:08:18Z,louisiana,port-allen,15813,4747-river-road-70767,https://truckparkingclub.com/truck-parking/louisiana/port-allen/4747-river-road-70767,1,Bobtail / Box Truck,15,,15.00,60.00,150.00
2026-07-27T04:08:18Z,louisiana,port-allen,15815,1956-court-st-70767,https://truckparkingclub.com/truck-parking/louisiana/port-allen/1956-court-st-70767,1,Bobtail / Box Truck,49,,20.00,80.00,200.00
2026-07-27T04:08:18Z,louisiana,port-allen,15817,1467-court-st-70767,https://truckparkingclub.com/truck-parking/louisiana/port-allen/1467-court-st-70767,1,Truck + Trailer,10,,25.00,100.00,250.00
2026-07-27T07:56:27Z,louisiana,port-allen,15813,4747-river-road-70767,https://truckparkingclub.com/truck-parking/louisiana/port-allen/4747-river-road-70767,1,Bobtail / Box Truck,15,,15.00,60.00,150.00
2026-07-27T07:56:27Z,louisiana,port-allen,15815,1956-court-st-70767,https://truckparkingclub.com/truck-parking/louisiana/port-allen/1956-court-st-70767,1,Bobtail / Box Truck,50,,20.00,80.00,200.00
2026-07-27T07:56:27Z,louisiana,port-allen,15817,1467-court-st-70767,https://truckparkingclub.com/truck-parking/louisiana/port-allen/1467-court-st-70767,1,Truck + Trailer,10,,25.00,100.00,250.00
2026-07-27T11:44:56Z,louisiana,port-allen,15813,4747-river-road-70767,https://truckparkingclub.com/truck-parking/louisiana/port-allen/4747-river-road-70767,1,Bobtail / Box Truck,15,,15.00,60.00,150.00
2026-07-27T11:44:56Z,louisiana,port-allen,15815,1956-court-st-70767,https://truckparkingclub.com/truck-parking/louisiana/port-allen/1956-court-st-70767,1,Bobtail / Box Truck,50,,20.00,80.00,200.00
2026-07-27T11:44:56Z,louisiana,port-allen,15817,1467-court-st-70767,https://truckparkingclub.com/truck-parking/louisiana/port-allen/1467-court-st-70767,1,Truck + Trailer,10,,25.00,100.00,250.00
2026-07-27T15:18:02Z,louisiana,port-allen,15813,4747-river-road-70767,https://truckparkingclub.com/truck-parking/louisiana/port-allen/4747-river-road-70767,1,Bobtail / Box Truck,15,,15.00,60.00,150.00
2026-07-27T15:18:02Z,louisiana,port-allen,15815,1956-court-st-70767,https://truckparkingclub.com/truck-parking/louisiana/port-allen/1956-court-st-70767,1,Bobtail / Box Truck,50,,20.00,80.00,200.00
2026-07-27T15:18:02Z,louisiana,port-allen,15817,1467-court-st-70767,https://truckparkingclub.com/truck-parking/louisiana/port-allen/1467-court-st-70767,1,Truck + Trailer,10,,25.00,100.00,250.00
2026-07-27T17:12:38Z,louisiana,port-allen,15813,4747-river-road-70767,https://truckparkingclub.com/truck-parking/louisiana/port-allen/4747-river-road-70767,1,Bobtail / Box Truck,15,,15.00,60.00,150.00
2026-07-27T17:12:38Z,louisiana,port-allen,15815,1956-court-st-70767,https://truckparkingclub.com/truck-parking/louisiana/port-allen/1956-court-st-70767,1,Bobtail / Box Truck,50,,20.00,80.00,200.00
2026-07-27T17:12:38Z,louisiana,port-allen,15817,1467-court-st-70767,https://truckparkingclub.com/truck-parking/louisiana/port-allen/1467-court-st-70767,1,Truck + Trailer,10,,25.00,100.00,250.00
2026-07-27T18:50:46Z,louisiana,port-allen,15813,4747-river-road-70767,https://truckparkingclub.com/truck-parking/louisiana/port-allen/4747-river-road-70767,1,Bobtail / Box Truck,15,,15.00,60.00,150.00
2026-07-27T18:50:46Z,louisiana,port-allen,15815,1956-court-st-70767,https://truckparkingclub.com/truck-parking/louisiana/port-allen/1956-court-st-70767,1,Bobtail / Box Truck,50,,20.00,80.00,200.00
2026-07-27T18:50:46Z,louisiana,port-allen,15817,1467-court-st-70767,https://truckparkingclub.com/truck-parking/louisiana/port-allen/1467-court-st-70767,1,Truck + Trailer,10,,25.00,100.00,250.00
2026-07-27T20:46:46Z,louisiana,port-allen,15813,4747-river-road-70767,https://truckparkingclub.com/truck-parking/louisiana/port-allen/4747-river-road-70767,1,Bobtail / Box Truck,15,,15.00,60.00,150.00
2026-07-27T20:46:46Z,louisiana,port-allen,15815,1956-court-st-70767,https://truckparkingclub.com/truck-parking/louisiana/port-allen/1956-court-st-70767,1,Bobtail / Box Truck,50,,20.00,80.00,200.00
2026-07-27T20:46:46Z,louisiana,port-allen,15817,1467-court-st-70767,https://truckparkingclub.com/truck-parking/louisiana/port-allen/1467-court-st-70767,1,Truck + Trailer,10,,25.00,100.00,250.00
2026-07-27T22:29:36Z,louisiana,port-allen,15813,4747-river-road-70767,https://truckparkingclub.com/truck-parking/louisiana/port-allen/4747-river-road-70767,1,Bobtail / Box Truck,15,,15.00,60.00,150.00
2026-07-27T22:29:36Z,louisiana,port-allen,15815,1956-court-st-70767,https://truckparkingclub.com/truck-parking/louisiana/port-allen/1956-court-st-70767,1,Bobtail / Box Truck,50,,20.00,80.00,200.00
2026-07-27T22:29:36Z,louisiana,port-allen,15817,1467-court-st-70767,https://truckparkingclub.com/truck-parking/louisiana/port-allen/1467-court-st-70767,1,Truck + Trailer,10,,25.00,100.00,250.00
2026-07-28T00:13:29Z,louisiana,port-allen,15813,4747-river-road-70767,https://truckparkingclub.com/truck-parking/louisiana/port-allen/4747-river-road-70767,1,Bobtail / Box Truck,15,,15.00,60.00,150.00
2026-07-28T00:13:29Z,louisiana,port-allen,15815,1956-court-st-70767,https://truckparkingclub.com/truck-parking/louisiana/port-allen/1956-court-st-70767,1,Bobtail / Box Truck,50,,20.00,80.00,200.00
2026-07-28T00:13:29Z,louisiana,port-allen,15817,1467-court-st-70767,https://truckparkingclub.com/truck-parking/louisiana/port-allen/1467-court-st-70767,1,Truck + Trailer,10,,25.00,100.00,250.00
2026-07-28T03:42:16Z,louisiana,port-allen,15813,4747-river-road-70767,https://truckparkingclub.com/truck-parking/louisiana/port-allen/4747-river-road-70767,1,Bobtail / Box Truck,15,,15.00,60.00,150.00
2026-07-28T03:42:16Z,louisiana,port-allen,15815,1956-court-st-70767,https://truckparkingclub.com/truck-parking/louisiana/port-allen/1956-court-st-70767,1,Bobtail / Box Truck,50,,20.00,80.00,200.00
2026-07-28T03:42:16Z,louisiana,port-allen,15817,1467-court-st-70767,https://truckparkingclub.com/truck-parking/louisiana/port-allen/1467-court-st-70767,1,Truck + Trailer,10,,25.00,100.00,250.00
2026-07-28T06:44:39Z,louisiana,port-allen,15813,4747-river-road-70767,https://truckparkingclub.com/truck-parking/louisiana/port-allen/4747-river-road-70767,1,Bobtail / Box Truck,15,,15.00,60.00,150.00
2026-07-28T06:44:39Z,louisiana,port-allen,15815,1956-court-st-70767,https://truckparkingclub.com/truck-parking/louisiana/port-allen/1956-court-st-70767,1,Bobtail / Box Truck,50,,20.00,80.00,200.00
2026-07-28T06:44:39Z,louisiana,port-allen,15817,1467-court-st-70767,https://truckparkingclub.com/truck-parking/louisiana/port-allen/1467-court-st-70767,1,Truck + Trailer,10,,25.00,100.00,250.00
2026-07-28T09:58:56Z,louisiana,port-allen,15813,4747-river-road-70767,https://truckparkingclub.com/truck-parking/louisiana/port-allen/4747-river-road-70767,1,Bobtail / Box Truck,15,,15.00,60.00,150.00
2026-07-28T09:58:56Z,louisiana,port-allen,15815,1956-court-st-70767,https://truckparkingclub.com/truck-parking/louisiana/port-allen/1956-court-st-70767,1,Bobtail / Box Truck,50,,20.00,80.00,200.00
2026-07-28T09:58:56Z,louisiana,port-allen,15817,1467-court-st-70767,https://truckparkingclub.com/truck-parking/louisiana/port-allen/1467-court-st-70767,1,Truck + Trailer,9,,25.00,100.00,250.00
2026-07-28T12:16:25Z,louisiana,port-allen,15813,4747-river-road-70767,https://truckparkingclub.com/truck-parking/louisiana/port-allen/4747-river-road-70767,1,Bobtail / Box Truck,15,,15.00,60.00,150.00
2026-07-28T12:16:25Z,louisiana,port-allen,15815,1956-court-st-70767,https://truckparkingclub.com/truck-parking/louisiana/port-allen/1956-court-st-70767,1,Bobtail / Box Truck,50,,20.00,80.00,200.00
2026-07-28T12:16:25Z,louisiana,port-allen,15817,1467-court-st-70767,https://truckparkingclub.com/truck-parking/louisiana/port-allen/1467-court-st-70767,1,Truck + Trailer,9,,25.00,100.00,250.00
2026-07-28T14:43:42Z,louisiana,port-allen,15813,4747-river-road-70767,https://truckparkingclub.com/truck-parking/louisiana/port-allen/4747-river-road-70767,1,Bobtail / Box Truck,15,,15.00,60.00,150.00
2026-07-28T14:43:42Z,louisiana,port-allen,15815,1956-court-st-70767,https://truckparkingclub.com/truck-parking/louisiana/port-allen/1956-court-st-70767,1,Bobtail / Box Truck,50,,20.00,80.00,200.00
2026-07-28T14:43:42Z,louisiana,port-allen,15817,1467-court-st-70767,https://truckparkingclub.com/truck-parking/louisiana/port-allen/1467-court-st-70767,1,Truck + Trailer,9,,25.00,100.00,250.00
2026-07-28T16:53:54Z,louisiana,port-allen,15813,4747-river-road-70767,https://truckparkingclub.com/truck-parking/louisiana/port-allen/4747-river-road-70767,1,Bobtail / Box Truck,15,,15.00,60.00,150.00
2026-07-28T16:53:54Z,louisiana,port-allen,15815,1956-court-st-70767,https://truckparkingclub.com/truck-parking/louisiana/port-allen/1956-court-st-70767,1,Bobtail / Box Truck,50,,20.00,80.00,200.00
2026-07-28T16:53:54Z,louisiana,port-allen,15817,1467-court-st-70767,https://truckparkingclub.com/truck-parking/louisiana/port-allen/1467-court-st-70767,1,Truck + Trailer,9,,25.00,100.00,250.00
2026-07-28T18:50:30Z,louisiana,port-allen,15813,4747-river-road-70767,https://truckparkingclub.com/truck-parking/louisiana/port-allen/4747-river-road-70767,1,Bobtail / Box Truck,15,,15.00,60.00,150.00
2026-07-28T18:50:30Z,louisiana,port-allen,15815,1956-court-st-70767,https://truckparkingclub.com/truck-parking/louisiana/port-allen/1956-court-st-70767,1,Bobtail / Box Truck,50,,20.00,80.00,200.00
2026-07-28T18:50:30Z,louisiana,port-allen,15817,1467-court-st-70767,https://truckparkingclub.com/truck-parking/louisiana/port-allen/1467-court-st-70767,1,Truck + Trailer,9,,25.00,100.00,250.00
2026-07-28T20:36:34Z,louisiana,port-allen,15813,4747-river-road-70767,https://truckparkingclub.com/truck-parking/louisiana/port-allen/4747-river-road-70767,1,Bobtail / Box Truck,15,,15.00,60.00,150.00
2026-07-28T20:36:34Z,louisiana,port-allen,15815,1956-court-st-70767,https://truckparkingclub.com/truck-parking/louisiana/port-allen/1956-court-st-70767,1,Bobtail / Box Truck,50,,20.00,80.00,200.00
2026-07-28T20:36:34Z,louisiana,port-allen,15817,1467-court-st-70767,https://truckparkingclub.com/truck-parking/louisiana/port-allen/1467-court-st-70767,1,Truck + Trailer,9,,25.00,100.00,250.00
2026-07-28T22:27:46Z,louisiana,port-allen,15813,4747-river-road-70767,https://truckparkingclub.com/truck-parking/louisiana/port-allen/4747-river-road-70767,1,Bobtail / Box Truck,15,,15.00,60.00,150.00
2026-07-28T22:27:46Z,louisiana,port-allen,15815,1956-court-st-70767,https://truckparkingclub.com/truck-parking/louisiana/port-allen/1956-court-st-70767,1,Bobtail / Box Truck,50,,20.00,80.00,200.00
2026-07-28T22:27:46Z,louisiana,port-allen,15817,1467-court-st-70767,https://truckparkingclub.com/truck-parking/louisiana/port-allen/1467-court-st-70767,1,Truck + Trailer,9,,25.00,100.00,250.00
2026-07-29T00:13:15Z,louisiana,port-allen,15813,4747-river-road-70767,https://truckparkingclub.com/truck-parking/louisiana/port-allen/4747-river-road-70767,1,Bobtail / Box Truck,15,,15.00,60.00,150.00
2026-07-29T00:13:15Z,louisiana,port-allen,15815,1956-court-st-70767,https://truckparkingclub.com/truck-parking/louisiana/port-allen/1956-court-st-70767,1,Bobtail / Box Truck,50,,20.00,80.00,200.00
2026-07-29T00:13:15Z,louisiana,port-allen,15817,1467-court-st-70767,https://truckparkingclub.com/truck-parking/louisiana/port-allen/1467-court-st-70767,1,Truck + Trailer,9,,25.00,100.00,250.00
2026-07-29T03:45:28Z,louisiana,port-allen,15813,4747-river-road-70767,https://truckparkingclub.com/truck-parking/louisiana/port-allen/4747-river-road-70767,1,Bobtail / Box Truck,15,,15.00,60.00,150.00
2026-07-29T03:45:28Z,louisiana,port-allen,15815,1956-court-st-70767,https://truckparkingclub.com/truck-parking/louisiana/port-allen/1956-court-st-70767,1,Bobtail / Box Truck,50,,20.00,80.00,200.00
2026-07-29T03:45:28Z,louisiana,port-allen,15817,1467-court-st-70767,https://truckparkingclub.com/truck-parking/louisiana/port-allen/1467-court-st-70767,1,Truck + Trailer,9,,25.00,100.00,250.00
2026-07-29T07:07:47Z,louisiana,port-allen,15813,4747-river-road-70767,https://truckparkingclub.com/truck-parking/louisiana/port-allen/4747-river-road-70767,1,Bobtail / Box Truck,15,,15.00,60.00,150.00
2026-07-29T07:07:47Z,louisiana,port-allen,15815,1956-court-st-70767,https://truckparkingclub.com/truck-parking/louisiana/port-allen/1956-court-st-70767,1,Bobtail / Box Truck,50,,20.00,80.00,200.00
2026-07-29T07:07:47Z,louisiana,port-allen,15817,1467-court-st-70767,https://truckparkingclub.com/truck-parking/louisiana/port-allen/1467-court-st-70767,1,Truck + Trailer,9,,25.00,100.00,250.00
2026-07-29T10:00:33Z,louisiana,port-allen,15813,4747-river-road-70767,https://truckparkingclub.com/truck-parking/louisiana/port-allen/4747-river-road-70767,1,Bobtail / Box Truck,15,,15.00,60.00,150.00
2026-07-29T10:00:33Z,louisiana,port-allen,15815,1956-court-st-70767,https://truckparkingclub.com/truck-parking/louisiana/port-allen/1956-court-st-70767,1,Bobtail / Box Truck,50,,20.00,80.00,200.00
2026-07-29T10:00:33Z,louisiana,port-allen,15817,1467-court-st-70767,https://truckparkingclub.com/truck-parking/louisiana/port-allen/1467-court-st-70767,1,Truck + Trailer,10,,25.00,100.00,250.00
2026-07-29T12:24:41Z,louisiana,port-allen,15813,4747-river-road-70767,https://truckparkingclub.com/truck-parking/louisiana/port-allen/4747-river-road-70767,1,Bobtail / Box Truck,15,,15.00,60.00,150.00
2026-07-29T12:24:41Z,louisiana,port-allen,15815,1956-court-st-70767,https://truckparkingclub.com/truck-parking/louisiana/port-allen/1956-court-st-70767,1,Bobtail / Box Truck,50,,20.00,80.00,200.00
2026-07-29T12:24:41Z,louisiana,port-allen,15817,1467-court-st-70767,https://truckparkingclub.com/truck-parking/louisiana/port-allen/1467-court-st-70767,1,Truck + Trailer,10,,25.00,100.00,250.00
2026-07-29T15:22:41Z,louisiana,port-allen,15813,4747-river-road-70767,https://truckparkingclub.com/truck-parking/louisiana/port-allen/4747-river-road-70767,1,Bobtail / Box Truck,15,,15.00,60.00,150.00
2026-07-29T15:22:41Z,louisiana,port-allen,15815,1956-court-st-70767,https://truckparkingclub.com/truck-parking/louisiana/port-allen/1956-court-st-70767,1,Bobtail / Box Truck,50,,20.00,80.00,200.00
2026-07-29T15:22:41Z,louisiana,port-allen,15817,1467-court-st-70767,https://truckparkingclub.com/truck-parking/louisiana/port-allen/1467-court-st-70767,1,Truck + Trailer,10,,25.00,100.00,250.00
2026-07-29T16:44:05Z,louisiana,port-allen,15813,4747-river-road-70767,https://truckparkingclub.com/truck-parking/louisiana/port-allen/4747-river-road-70767,1,Bobtail / Box Truck,15,,15.00,60.00,150.00
2026-07-29T16:44:05Z,louisiana,port-allen,15815,1956-court-st-70767,https://truckparkingclub.com/truck-parking/louisiana/port-allen/1956-court-st-70767,1,Bobtail / Box Truck,50,,20.00,80.00,200.00
2026-07-29T16:44:05Z,louisiana,port-allen,15817,1467-court-st-70767,https://truckparkingclub.com/truck-parking/louisiana/port-allen/1467-court-st-70767,1,Truck + Trailer,10,,25.00,100.00,250.00
2026-07-29T18:16:13Z,louisiana,port-allen,15813,4747-river-road-70767,https://truckparkingclub.com/truck-parking/louisiana/port-allen/4747-river-road-70767,1,Bobtail / Box Truck,15,,15.00,60.00,150.00
2026-07-29T18:16:13Z,louisiana,port-allen,15815,1956-court-st-70767,https://truckparkingclub.com/truck-parking/louisiana/port-allen/1956-court-st-70767,1,Bobtail / Box Truck,50,,20.00,80.00,200.00
2026-07-29T18:16:13Z,louisiana,port-allen,15817,1467-court-st-70767,https://truckparkingclub.com/truck-parking/louisiana/port-allen/1467-court-st-70767,1,Truck + Trailer,10,,25.00,100.00,250.00
2026-07-29T19:48:14Z,louisiana,port-allen,15813,4747-river-road-70767,https://truckparkingclub.com/truck-parking/louisiana/port-allen/4747-river-road-70767,1,Bobtail / Box Truck,15,,15.00,60.00,150.00
2026-07-29T19:48:14Z,louisiana,port-allen,15815,1956-court-st-70767,https://truckparkingclub.com/truck-parking/louisiana/port-allen/1956-court-st-70767,1,Bobtail / Box Truck,50,,20.00,80.00,200.00
2026-07-29T19:48:14Z,louisiana,port-allen,15817,1467-court-st-70767,https://truckparkingclub.com/truck-parking/louisiana/port-allen/1467-court-st-70767,1,Truck + Trailer,10,,25.00,100.00,250.00
2026-07-29T21:14:53Z,louisiana,port-allen,15813,4747-river-road-70767,https://truckparkingclub.com/truck-parking/louisiana/port-allen/4747-river-road-70767,1,Bobtail / Box Truck,15,,15.00,60.00,150.00
2026-07-29T21:14:53Z,louisiana,port-allen,15815,1956-court-st-70767,https://truckparkingclub.com/truck-parking/louisiana/port-allen/1956-court-st-70767,1,Bobtail / Box Truck,50,,20.00,80.00,200.00
2026-07-29T21:14:53Z,louisiana,port-allen,15817,1467-court-st-70767,https://truckparkingclub.com/truck-parking/louisiana/port-allen/1467-court-st-70767,1,Truck + Trailer,10,,25.00,100.00,250.00
2026-07-29T22:16:16Z,louisiana,port-allen,15813,4747-river-road-70767,https://truckparkingclub.com/truck-parking/louisiana/port-allen/4747-river-road-70767,1,Bobtail / Box Truck,15,,15.00,60.00,150.00
2026-07-29T22:16:16Z,louisiana,port-allen,15815,1956-court-st-70767,https://truckparkingclub.com/truck-parking/louisiana/port-allen/1956-court-st-70767,1,Bobtail / Box Truck,50,,20.00,80.00,200.00
2026-07-29T22:16:16Z,louisiana,port-allen,15817,1467-court-st-70767,https://truckparkingclub.com/truck-parking/louisiana/port-allen/1467-court-st-70767,1,Truck + Trailer,10,,25.00,100.00,250.00
2026-07-29T23:17:51Z,louisiana,port-allen,15813,4747-river-road-70767,https://truckparkingclub.com/truck-parking/louisiana/port-allen/4747-river-road-70767,1,Bobtail / Box Truck,15,,15.00,60.00,150.00
2026-07-29T23:17:51Z,louisiana,port-allen,15815,1956-court-st-70767,https://truckparkingclub.com/truck-parking/louisiana/port-allen/1956-court-st-70767,1,Bobtail / Box Truck,50,,20.00,80.00,200.00
2026-07-29T23:17:51Z,louisiana,port-allen,15817,1467-court-st-70767,https://truckparkingclub.com/truck-parking/louisiana/port-allen/1467-court-st-70767,1,Truck + Trailer,10,,25.00,100.00,250.00
2026-07-30T00:14:15Z,louisiana,port-allen,15813,4747-river-road-70767,https://truckparkingclub.com/truck-parking/louisiana/port-allen/4747-river-road-70767,1,Bobtail / Box Truck,15,,15.00,60.00,150.00
2026-07-30T00:14:15Z,louisiana,port-allen,15815,1956-court-st-70767,https://truckparkingclub.com/truck-parking/louisiana/port-allen/1956-court-st-70767,1,Bobtail / Box Truck,50,,20.00,80.00,200.00
2026-07-30T00:14:15Z,louisiana,port-allen,15817,1467-court-st-70767,https://truckparkingclub.com/truck-parking/louisiana/port-allen/1467-court-st-70767,1,Truck + Trailer,10,,25.00,100.00,250.00
2026-07-30T03:36:22Z,louisiana,port-allen,15813,4747-river-road-70767,https://truckparkingclub.com/truck-parking/louisiana/port-allen/4747-river-road-70767,1,Bobtail / Box Truck,15,,15.00,60.00,150.00
2026-07-30T03:36:22Z,louisiana,port-allen,15815,1956-court-st-70767,https://truckparkingclub.com/truck-parking/louisiana/port-allen/1956-court-st-70767,1,Bobtail / Box Truck,50,,20.00,80.00,200.00
2026-07-30T03:36:22Z,louisiana,port-allen,15817,1467-court-st-70767,https://truckparkingclub.com/truck-parking/louisiana/port-allen/1467-court-st-70767,1,Truck + Trailer,10,,25.00,100.00,250.00
2026-07-30T06:45:12Z,louisiana,port-allen,15813,4747-river-road-70767,https://truckparkingclub.com/truck-parking/louisiana/port-allen/4747-river-road-70767,1,Bobtail / Box Truck,15,,15.00,60.00,150.00
2026-07-30T06:45:12Z,louisiana,port-allen,15815,1956-court-st-70767,https://truckparkingclub.com/truck-parking/louisiana/port-allen/1956-court-st-70767,1,Bobtail / Box Truck,50,,20.00,80.00,200.00
2026-07-30T06:45:12Z,louisiana,port-allen,15817,1467-court-st-70767,https://truckparkingclub.com/truck-parking/louisiana/port-allen/1467-court-st-70767,1,Truck + Trailer,10,,25.00,100.00,250.00
2026-07-30T09:46:01Z,louisiana,port-allen,15813,4747-river-road-70767,https://truckparkingclub.com/truck-parking/louisiana/port-allen/4747-river-road-70767,1,Bobtail / Box Truck,15,,15.00,60.00,150.00
2026-07-30T09:46:01Z,louisiana,port-allen,15815,1956-court-st-70767,https://truckparkingclub.com/truck-parking/louisiana/port-allen/1956-court-st-70767,1,Bobtail / Box Truck,50,,20.00,80.00,200.00
2026-07-30T09:46:01Z,louisiana,port-allen,15817,1467-court-st-70767,https://truckparkingclub.com/truck-parking/louisiana/port-allen/1467-court-st-70767,1,Truck + Trailer,10,,25.00,100.00,250.00
2026-07-30T12:07:47Z,louisiana,port-allen,15813,4747-river-road-70767,https://truckparkingclub.com/truck-parking/louisiana/port-allen/4747-river-road-70767,1,Bobtail / Box Truck,15,,15.00,60.00,150.00
2026-07-30T12:07:47Z,louisiana,port-allen,15815,1956-court-st-70767,https://truckparkingclub.com/truck-parking/louisiana/port-allen/1956-court-st-70767,1,Bobtail / Box Truck,50,,20.00,80.00,200.00
2026-07-30T12:07:47Z,louisiana,port-allen,15817,1467-court-st-70767,https://truckparkingclub.com/truck-parking/louisiana/port-allen/1467-court-st-70767,1,Truck + Trailer,10,,25.00,100.00,250.00
2026-07-30T14:36:56Z,louisiana,port-allen,15813,4747-river-road-70767,https://truckparkingclub.com/truck-parking/louisiana/port-allen/4747-river-road-70767,1,Bobtail / Box Truck,15,,15.00,60.00,150.00
2026-07-30T14:36:56Z,louisiana,port-allen,15815,1956-court-st-70767,https://truckparkingclub.com/truck-parking/louisiana/port-allen/1956-court-st-70767,1,Bobtail / Box Truck,50,,20.00,80.00,200.00
2026-07-30T14:36:56Z,louisiana,port-allen,15817,1467-court-st-70767,https://truckparkingclub.com/truck-parking/louisiana/port-allen/1467-court-st-70767,1,Truck + Trailer,10,,25.00,100.00,250.00
2026-07-30T16:52:50Z,louisiana,port-allen,15813,4747-river-road-70767,https://truckparkingclub.com/truck-parking/louisiana/port-allen/4747-river-road-70767,1,Bobtail / Box Truck,15,,15.00,60.00,150.00
2026-07-30T16:52:50Z,louisiana,port-allen,15815,1956-court-st-70767,https://truckparkingclub.com/truck-parking/louisiana/port-allen/1956-court-st-70767,1,Bobtail / Box Truck,50,,20.00,80.00,200.00
2026-07-30T16:52:50Z,louisiana,port-allen,15817,1467-court-st-70767,https://truckparkingclub.com/truck-parking/louisiana/port-allen/1467-court-st-70767,1,Truck + Trailer,10,,25.00,100.00,250.00
2026-07-30T18:50:42Z,louisiana,port-allen,15813,4747-river-road-70767,https://truckparkingclub.com/truck-parking/louisiana/port-allen/4747-river-road-70767,1,Bobtail / Box Truck,15,,15.00,60.00,150.00
2026-07-30T18:50:42Z,louisiana,port-allen,15815,1956-court-st-70767,https://truckparkingclub.com/truck-parking/louisiana/port-allen/1956-court-st-70767,1,Bobtail / Box Truck,50,,20.00,80.00,200.00
2026-07-30T18:50:42Z,louisiana,port-allen,15817,1467-court-st-70767,https://truckparkingclub.com/truck-parking/louisiana/port-allen/1467-court-st-70767,1,Truck + Trailer,6,,25.00,100.00,250.00
2026-07-30T20:37:18Z,louisiana,port-allen,15813,4747-river-road-70767,https://truckparkingclub.com/truck-parking/louisiana/port-allen/4747-river-road-70767,1,Bobtail / Box Truck,15,,15.00,60.00,150.00
2026-07-30T20:37:18Z,louisiana,port-allen,15815,1956-court-st-70767,https://truckparkingclub.com/truck-parking/louisiana/port-allen/1956-court-st-70767,1,Bobtail / Box Truck,50,,20.00,80.00,200.00
2026-07-30T20:37:18Z,louisiana,port-allen,15817,1467-court-st-70767,https://truckparkingclub.com/truck-parking/louisiana/port-allen/1467-court-st-70767,1,Truck + Trailer,6,,25.00,100.00,250.00
2026-07-30T22:30:05Z,louisiana,port-allen,15813,4747-river-road-70767,https://truckparkingclub.com/truck-parking/louisiana/port-allen/4747-river-road-70767,1,Bobtail / Box Truck,15,,15.00,60.00,150.00
2026-07-30T22:30:05Z,louisiana,port-allen,15815,1956-court-st-70767,https://truckparkingclub.com/truck-parking/louisiana/port-allen/1956-court-st-70767,1,Bobtail / Box Truck,50,,20.00,80.00,200.00
2026-07-30T22:30:05Z,louisiana,port-allen,15817,1467-court-st-70767,https://truckparkingclub.com/truck-parking/louisiana/port-allen/1467-court-st-70767,1,Truck + Trailer,6,,25.00,100.00,250.00
2026-07-31T00:17:29Z,louisiana,port-allen,15813,4747-river-road-70767,https://truckparkingclub.com/truck-parking/louisiana/port-allen/4747-river-road-70767,1,Bobtail / Box Truck,15,,15.00,60.00,150.00
2026-07-31T00:17:29Z,louisiana,port-allen,15815,1956-court-st-70767,https://truckparkingclub.com/truck-parking/louisiana/port-allen/1956-court-st-70767,1,Bobtail / Box Truck,50,,20.00,80.00,200.00
2026-07-31T00:17:29Z,louisiana,port-allen,15817,1467-court-st-70767,https://truckparkingclub.com/truck-parking/louisiana/port-allen/1467-court-st-70767,1,Truck + Trailer,6,,25.00,100.00,250.00
2026-07-31T03:55:22Z,louisiana,port-allen,15813,4747-river-road-70767,https://truckparkingclub.com/truck-parking/louisiana/port-allen/4747-river-road-70767,1,Bobtail / Box Truck,15,,15.00,60.00,150.00
2026-07-31T03:55:22Z,louisiana,port-allen,15815,1956-court-st-70767,https://truckparkingclub.com/truck-parking/louisiana/port-allen/1956-court-st-70767,1,Bobtail / Box Truck,50,,20.00,80.00,200.00
2026-07-31T03:55:22Z,louisiana,port-allen,15817,1467-court-st-70767,https://truckparkingclub.com/truck-parking/louisiana/port-allen/1467-court-st-70767,1,Truck + Trailer,6,,25.00,100.00,250.00
2026-07-31T07:18:24Z,louisiana,port-allen,15813,4747-river-road-70767,https://truckparkingclub.com/truck-parking/louisiana/port-allen/4747-river-road-70767,1,Bobtail / Box Truck,15,,15.00,60.00,150.00
2026-07-31T07:18:24Z,louisiana,port-allen,15815,1956-court-st-70767,https://truckparkingclub.com/truck-parking/louisiana/port-allen/1956-court-st-70767,1,Bobtail / Box Truck,50,,20.00,80.00,200.00
2026-07-31T07:18:24Z,louisiana,port-allen,15817,1467-court-st-70767,https://truckparkingclub.com/truck-parking/louisiana/port-allen/1467-court-st-70767,1,Truck + Trailer,6,,25.00,100.00,250.00
2026-07-31T10:00:54Z,louisiana,port-allen,15813,4747-river-road-70767,https://truckparkingclub.com/truck-parking/louisiana/port-allen/4747-river-road-70767,1,Bobtail / Box Truck,15,,15.00,60.00,150.00
2026-07-31T10:00:54Z,louisiana,port-allen,15815,1956-court-st-70767,https://truckparkingclub.com/truck-parking/louisiana/port-allen/1956-court-st-70767,1,Bobtail / Box Truck,50,,20.00,80.00,200.00
2026-07-31T10:00:54Z,louisiana,port-allen,15817,1467-court-st-70767,https://truckparkingclub.com/truck-parking/louisiana/port-allen/1467-court-st-70767,1,Truck + Trailer,6,,25.00,100.00,250.00
2026-07-31T12:21:14Z,louisiana,port-allen,15813,4747-river-road-70767,https://truckparkingclub.com/truck-parking/louisiana/port-allen/4747-river-road-70767,1,Bobtail / Box Truck,15,,15.00,60.00,150.00
2026-07-31T12:21:14Z,louisiana,port-allen,15815,1956-court-st-70767,https://truckparkingclub.com/truck-parking/louisiana/port-allen/1956-court-st-70767,1,Bobtail / Box Truck,50,,20.00,80.00,200.00
2026-07-31T12:21:14Z,louisiana,port-allen,15817,1467-court-st-70767,https://truckparkingclub.com/truck-parking/louisiana/port-allen/1467-court-st-70767,1,Truck + Trailer,6,,25.00,100.00,250.00
2026-07-31T14:42:15Z,louisiana,port-allen,15813,4747-river-road-70767,https://truckparkingclub.com/truck-parking/louisiana/port-allen/4747-river-road-70767,1,Bobtail / Box Truck,15,,15.00,60.00,150.00
2026-07-31T14:42:15Z,louisiana,port-allen,15815,1956-court-st-70767,https://truckparkingclub.com/truck-parking/louisiana/port-allen/1956-court-st-70767,1,Bobtail / Box Truck,50,,20.00,80.00,200.00
2026-07-31T14:42:15Z,louisiana,port-allen,15817,1467-court-st-70767,https://truckparkingclub.com/truck-parking/louisiana/port-allen/1467-court-st-70767,1,Truck + Trailer,6,,25.00,100.00,250.00
2026-07-31T16:59:05Z,louisiana,port-allen,15813,4747-river-road-70767,https://truckparkingclub.com/truck-parking/louisiana/port-allen/4747-river-road-70767,1,Bobtail / Box Truck,15,,15.00,60.00,150.00
2026-07-31T16:59:05Z,louisiana,port-allen,15815,1956-court-st-70767,https://truckparkingclub.com/truck-parking/louisiana/port-allen/1956-court-st-70767,1,Bobtail / Box Truck,50,,20.00,80.00,200.00
2026-07-31T16:59:05Z,louisiana,port-allen,15817,1467-court-st-70767,https://truckparkingclub.com/truck-parking/louisiana/port-allen/1467-court-st-70767,1,Truck + Trailer,6,,25.00,100.00,250.00
2026-07-31T18:48:10Z,louisiana,port-allen,15813,4747-river-road-70767,https://truckparkingclub.com/truck-parking/louisiana/port-allen/4747-river-road-70767,1,Bobtail / Box Truck,15,,15.00,60.00,150.00
2026-07-31T18:48:10Z,louisiana,port-allen,15815,1956-court-st-70767,https://truckparkingclub.com/truck-parking/louisiana/port-allen/1956-court-st-70767,1,Bobtail / Box Truck,50,,20.00,80.00,200.00
2026-07-31T18:48:10Z,louisiana,port-allen,15817,1467-court-st-70767,https://truckparkingclub.com/truck-parking/louisiana/port-allen/1467-court-st-70767,1,Truck + Trailer,10,,25.00,100.00,250.00
2026-07-31T20:37:48Z,louisiana,port-allen,15813,4747-river-road-70767,https://truckparkingclub.com/truck-parking/louisiana/port-allen/4747-river-road-70767,1,Bobtail / Box Truck,15,,15.00,60.00,150.00
2026-07-31T20:37:48Z,louisiana,port-allen,15815,1956-court-st-70767,https://truckparkingclub.com/truck-parking/louisiana/port-allen/1956-court-st-70767,1,Bobtail / Box Truck,50,,20.00,80.00,200.00
2026-07-31T20:37:48Z,louisiana,port-allen,15817,1467-court-st-70767,https://truckparkingclub.com/truck-parking/louisiana/port-allen/1467-court-st-70767,1,Truck + Trailer,10,,25.00,100.00,250.00
2026-07-31T22:17:25Z,louisiana,port-allen,15813,4747-river-road-70767,https://truckparkingclub.com/truck-parking/louisiana/port-allen/4747-river-road-70767,1,Bobtail / Box Truck,15,,15.00,60.00,150.00
2026-07-31T22:17:25Z,louisiana,port-allen,15815,1956-court-st-70767,https://truckparkingclub.com/truck-parking/louisiana/port-allen/1956-court-st-70767,1,Bobtail / Box Truck,50,,20.00,80.00,200.00
2026-07-31T22:17:25Z,louisiana,port-allen,15817,1467-court-st-70767,https://truckparkingclub.com/truck-parking/louisiana/port-allen/1467-court-st-70767,1,Truck + Trailer,10,,25.00,100.00,250.00
2026-07-31T23:26:14Z,louisiana,port-allen,15813,4747-river-road-70767,https://truckparkingclub.com/truck-parking/louisiana/port-allen/4747-river-road-70767,1,Bobtail / Box Truck,15,,15.00,60.00,150.00
2026-07-31T23:26:14Z,louisiana,port-allen,15815,1956-court-st-70767,https://truckparkingclub.com/truck-parking/louisiana/port-allen/1956-court-st-70767,1,Bobtail / Box Truck,50,,20.00,80.00,200.00
2026-07-31T23:26:14Z,louisiana,port-allen,15817,1467-court-st-70767,https://truckparkingclub.com/truck-parking/louisiana/port-allen/1467-court-st-70767,1,Truck + Trailer,10,,25.00,100.00,250.00
2026-08-01T03:55:44Z,louisiana,port-allen,15813,4747-river-road-70767,https://truckparkingclub.com/truck-parking/louisiana/port-allen/4747-river-road-70767,1,Bobtail / Box Truck,15,,15.00,60.00,150.00
2026-08-01T03:55:44Z,louisiana,port-allen,15815,1956-court-st-70767,https://truckparkingclub.com/truck-parking/louisiana/port-allen/1956-court-st-70767,1,Bobtail / Box Truck,50,,20.00,80.00,200.00
2026-08-01T03:55:44Z,louisiana,port-allen,15817,1467-court-st-70767,https://truckparkingclub.com/truck-parking/louisiana/port-allen/1467-court-st-70767,1,Truck + Trailer,10,,25.00,100.00,250.00
2026-08-01T06:43:06Z,louisiana,port-allen,15813,4747-river-road-70767,https://truckparkingclub.com/truck-parking/louisiana/port-allen/4747-river-road-70767,1,Bobtail / Box Truck,15,,15.00,60.00,150.00
2026-08-01T06:43:06Z,louisiana,port-allen,15815,1956-court-st-70767,https://truckparkingclub.com/truck-parking/louisiana/port-allen/1956-court-st-70767,1,Bobtail / Box Truck,50,,20.00,80.00,200.00
2026-08-01T06:43:06Z,louisiana,port-allen,15817,1467-court-st-70767,https://truckparkingclub.com/truck-parking/louisiana/port-allen/1467-court-st-70767,1,Truck + Trailer,10,,25.00,100.00,250.00
2026-08-01T09:26:16Z,louisiana,port-allen,15813,4747-river-road-70767,https://truckparkingclub.com/truck-parking/louisiana/port-allen/4747-river-road-70767,1,Bobtail / Box Truck,15,,15.00,60.00,150.00
2026-08-01T09:26:16Z,louisiana,port-allen,15815,1956-court-st-70767,https://truckparkingclub.com/truck-parking/louisiana/port-allen/1956-court-st-70767,1,Bobtail / Box Truck,50,,20.00,80.00,200.00
2026-08-01T09:26:16Z,louisiana,port-allen,15817,1467-court-st-70767,https://truckparkingclub.com/truck-parking/louisiana/port-allen/1467-court-st-70767,1,Truck + Trailer,10,,25.00,100.00,250.00
2026-08-01T11:36:24Z,louisiana,port-allen,15813,4747-river-road-70767,https://truckparkingclub.com/truck-parking/louisiana/port-allen/4747-river-road-70767,1,Bobtail / Box Truck,15,,15.00,60.00,150.00
2026-08-01T11:36:24Z,louisiana,port-allen,15815,1956-court-st-70767,https://truckparkingclub.com/truck-parking/louisiana/port-allen/1956-court-st-70767,1,Bobtail / Box Truck,50,,20.00,80.00,200.00
2026-08-01T11:36:24Z,louisiana,port-allen,15817,1467-court-st-70767,https://truckparkingclub.com/truck-parking/louisiana/port-allen/1467-court-st-70767,1,Truck + Trailer,10,,25.00,100.00,250.00
2026-08-01T14:02:00Z,louisiana,port-allen,15813,4747-river-road-70767,https://truckparkingclub.com/truck-parking/louisiana/port-allen/4747-river-road-70767,1,Bobtail / Box Truck,15,,15.00,60.00,150.00
2026-08-01T14:02:00Z,louisiana,port-allen,15815,1956-court-st-70767,https://truckparkingclub.com/truck-parking/louisiana/port-allen/1956-court-st-70767,1,Bobtail / Box Truck,50,,20.00,80.00,200.00
2026-08-01T14:02:00Z,louisiana,port-allen,15817,1467-court-st-70767,https://truckparkingclub.com/truck-parking/louisiana/port-allen/1467-court-st-70767,1,Truck + Trailer,10,,25.00,100.00,250.00
2026-08-01T15:31:05Z,louisiana,port-allen,15813,4747-river-road-70767,https://truckparkingclub.com/truck-parking/louisiana/port-allen/4747-river-road-70767,1,Bobtail / Box Truck,15,,15.00,60.00,150.00
2026-08-01T15:31:05Z,louisiana,port-allen,15815,1956-court-st-70767,https://truckparkingclub.com/truck-parking/louisiana/port-allen/1956-court-st-70767,1,Bobtail / Box Truck,50,,20.00,80.00,200.00
2026-08-01T15:31:05Z,louisiana,port-allen,15817,1467-court-st-70767,https://truckparkingclub.com/truck-parking/louisiana/port-allen/1467-court-st-70767,1,Truck + Trailer,10,,25.00,100.00,250.00
2026-08-01T17:26:28Z,louisiana,port-allen,15813,4747-river-road-70767,https://truckparkingclub.com/truck-parking/louisiana/port-allen/4747-river-road-70767,1,Bobtail / Box Truck,15,,15.00,60.00,150.00
2026-08-01T17:26:28Z,louisiana,port-allen,15815,1956-court-st-70767,https://truckparkingclub.com/truck-parking/louisiana/port-allen/1956-court-st-70767,1,Bobtail / Box Truck,50,,20.00,80.00,200.00
2026-08-01T17:26:28Z,louisiana,port-allen,15817,1467-court-st-70767,https://truckparkingclub.com/truck-parking/louisiana/port-allen/1467-court-st-70767,1,Truck + Trailer,10,,25.00,100.00,250.00
2026-08-01T19:37:59Z,louisiana,port-allen,15813,4747-river-road-70767,https://truckparkingclub.com/truck-parking/louisiana/port-allen/4747-river-road-70767,1,Bobtail / Box Truck,15,,15.00,60.00,150.00
2026-08-01T19:37:59Z,louisiana,port-allen,15815,1956-court-st-70767,https://truckparkingclub.com/truck-parking/louisiana/port-allen/1956-court-st-70767,1,Bobtail / Box Truck,50,,20.00,80.00,200.00
2026-08-01T19:37:59Z,louisiana,port-allen,15817,1467-court-st-70767,https://truckparkingclub.com/truck-parking/louisiana/port-allen/1467-court-st-70767,1,Truck + Trailer,10,,25.00,100.00,250.00
2026-08-01T21:12:04Z,louisiana,port-allen,15813,4747-river-road-70767,https://truckparkingclub.com/truck-parking/louisiana/port-allen/4747-river-road-70767,1,Bobtail / Box Truck,15,,15.00,60.00,150.00
2026-08-01T21:12:04Z,louisiana,port-allen,15815,1956-court-st-70767,https://truckparkingclub.com/truck-parking/louisiana/port-allen/1956-court-st-70767,1,Bobtail / Box Truck,50,,20.00,80.00,200.00
2026-08-01T21:12:04Z,louisiana,port-allen,15817,1467-court-st-70767,https://truckparkingclub.com/truck-parking/louisiana/port-allen/1467-court-st-70767,1,Truck + Trailer,10,,25.00,100.00,250.00
2026-08-01T22:13:58Z,louisiana,port-allen,15813,4747-river-road-70767,https://truckparkingclub.com/truck-parking/louisiana/port-allen/4747-river-road-70767,1,Bobtail / Box Truck,15,,15.00,60.00,150.00
2026-08-01T22:13:58Z,louisiana,port-allen,15815,1956-court-st-70767,https://truckparkingclub.com/truck-parking/louisiana/port-allen/1956-court-st-70767,1,Bobtail / Box Truck,50,,20.00,80.00,200.00
2026-08-01T22:13:58Z,louisiana,port-allen,15817,1467-court-st-70767,https://truckparkingclub.com/truck-parking/louisiana/port-allen/1467-court-st-70767,1,Truck + Trailer,10,,25.00,100.00,250.00
2026-08-01T23:14:59Z,louisiana,port-allen,15813,4747-river-road-70767,https://truckparkingclub.com/truck-parking/louisiana/port-allen/4747-river-road-70767,1,Bobtail / Box Truck,15,,15.00,60.00,150.00
2026-08-01T23:14:59Z,louisiana,port-allen,15815,1956-court-st-70767,https://truckparkingclub.com/truck-parking/louisiana/port-allen/1956-court-st-70767,1,Bobtail / Box Truck,50,,20.00,80.00,200.00
2026-08-01T23:14:59Z,louisiana,port-allen,15817,1467-court-st-70767,https://truckparkingclub.com/truck-parking/louisiana/port-allen/1467-court-st-70767,1,Truck + Trailer,10,,25.00,100.00,250.00
2026-08-02T00:15:45Z,louisiana,port-allen,15813,4747-river-road-70767,https://truckparkingclub.com/truck-parking/louisiana/port-allen/4747-river-road-70767,1,Bobtail / Box Truck,15,,15.00,60.00,150.00
2026-08-02T00:15:45Z,louisiana,port-allen,15815,1956-court-st-70767,https://truckparkingclub.com/truck-parking/louisiana/port-allen/1956-court-st-70767,1,Bobtail / Box Truck,50,,20.00,80.00,200.00
2026-08-02T00:15:45Z,louisiana,port-allen,15817,1467-court-st-70767,https://truckparkingclub.com/truck-parking/louisiana/port-allen/1467-court-st-70767,1,Truck + Trailer,10,,25.00,100.00,250.00
2026-08-02T03:58:50Z,louisiana,port-allen,15813,4747-river-road-70767,https://truckparkingclub.com/truck-parking/louisiana/port-allen/4747-river-road-70767,1,Bobtail / Box Truck,15,,15.00,60.00,150.00
2026-08-02T03:58:50Z,louisiana,port-allen,15815,1956-court-st-70767,https://truckparkingclub.com/truck-parking/louisiana/port-allen/1956-court-st-70767,1,Bobtail / Box Truck,50,,20.00,80.00,200.00
2026-08-02T03:58:50Z,louisiana,port-allen,15817,1467-court-st-70767,https://truckparkingclub.com/truck-parking/louisiana/port-allen/1467-court-st-70767,1,Truck + Trailer,10,,25.00,100.00,250.00
2026-08-02T07:03:25Z,louisiana,port-allen,15813,4747-river-road-70767,https://truckparkingclub.com/truck-parking/louisiana/port-allen/4747-river-road-70767,1,Bobtail / Box Truck,15,,15.00,60.00,150.00
2026-08-02T07:03:25Z,louisiana,port-allen,15815,1956-court-st-70767,https://truckparkingclub.com/truck-parking/louisiana/port-allen/1956-court-st-70767,1,Bobtail / Box Truck,50,,20.00,80.00,200.00
2026-08-02T07:03:25Z,louisiana,port-allen,15817,1467-court-st-70767,https://truckparkingclub.com/truck-parking/louisiana/port-allen/1467-court-st-70767,1,Truck + Trailer,10,,25.00,100.00,250.00
2026-08-02T09:24:49Z,louisiana,port-allen,15813,4747-river-road-70767,https://truckparkingclub.com/truck-parking/louisiana/port-allen/4747-river-road-70767,1,Bobtail / Box Truck,15,,15.00,60.00,150.00
2026-08-02T09:24:49Z,louisiana,port-allen,15815,1956-court-st-70767,https://truckparkingclub.com/truck-parking/louisiana/port-allen/1956-court-st-70767,1,Bobtail / Box Truck,50,,20.00,80.00,200.00
2026-08-02T09:24:49Z,louisiana,port-allen,15817,1467-court-st-70767,https://truckparkingclub.com/truck-parking/louisiana/port-allen/1467-court-st-70767,1,Truck + Trailer,10,,25.00,100.00,250.00
2026-08-02T11:37:31Z,louisiana,port-allen,15813,4747-river-road-70767,https://truckparkingclub.com/truck-parking/louisiana/port-allen/4747-river-road-70767,1,Bobtail / Box Truck,15,,15.00,60.00,150.00
2026-08-02T11:37:31Z,louisiana,port-allen,15815,1956-court-st-70767,https://truckparkingclub.com/truck-parking/louisiana/port-allen/1956-court-st-70767,1,Bobtail / Box Truck,50,,20.00,80.00,200.00
2026-08-02T11:37:31Z,louisiana,port-allen,15817,1467-court-st-70767,https://truckparkingclub.com/truck-parking/louisiana/port-allen/1467-court-st-70767,1,Truck + Trailer,10,,25.00,100.00,250.00
2026-08-02T14:02:25Z,louisiana,port-allen,15813,4747-river-road-70767,https://truckparkingclub.com/truck-parking/louisiana/port-allen/4747-river-road-70767,1,Bobtail / Box Truck,15,,15.00,60.00,150.00
2026-08-02T14:02:25Z,louisiana,port-allen,15815,1956-court-st-70767,https://truckparkingclub.com/truck-parking/louisiana/port-allen/1956-court-st-70767,1,Bobtail / Box Truck,50,,20.00,80.00,200.00
2026-08-02T14:02:25Z,louisiana,port-allen,15817,1467-court-st-70767,https://truckparkingclub.com/truck-parking/louisiana/port-allen/1467-court-st-70767,1,Truck + Trailer,10,,25.00,100.00,250.00
2026-08-02T15:31:20Z,louisiana,port-allen,15813,4747-river-road-70767,https://truckparkingclub.com/truck-parking/louisiana/port-allen/4747-river-road-70767,1,Bobtail / Box Truck,15,,15.00,60.00,150.00
2026-08-02T15:31:20Z,louisiana,port-allen,15815,1956-court-st-70767,https://truckparkingclub.com/truck-parking/louisiana/port-allen/1956-court-st-70767,1,Bobtail / Box Truck,50,,20.00,80.00,200.00
2026-08-02T15:31:20Z,louisiana,port-allen,15817,1467-court-st-70767,https://truckparkingclub.com/truck-parking/louisiana/port-allen/1467-court-st-70767,1,Truck + Trailer,10,,25.00,100.00,250.00
2026-08-02T17:27:07Z,louisiana,port-allen,15813,4747-river-road-70767,https://truckparkingclub.com/truck-parking/louisiana/port-allen/4747-river-road-70767,1,Bobtail / Box Truck,15,,15.00,60.00,150.00
2026-08-02T17:27:07Z,louisiana,port-allen,15815,1956-court-st-70767,https://truckparkingclub.com/truck-parking/louisiana/port-allen/1956-court-st-70767,1,Bobtail / Box Truck,50,,20.00,80.00,200.00
2026-08-02T17:27:07Z,louisiana,port-allen,15817,1467-court-st-70767,https://truckparkingclub.com/truck-parking/louisiana/port-allen/1467-court-st-70767,1,Truck + Trailer,10,,25.00,100.00,250.00
2026-08-02T19:38:32Z,louisiana,port-allen,15813,4747-river-road-70767,https://truckparkingclub.com/truck-parking/louisiana/port-allen/4747-river-road-70767,1,Bobtail / Box Truck,15,,15.00,60.00,150.00
2026-08-02T19:38:32Z,louisiana,port-allen,15815,1956-court-st-70767,https://truckparkingclub.com/truck-parking/louisiana/port-allen/1956-court-st-70767,1,Bobtail / Box Truck,50,,20.00,80.00,200.00
2026-08-02T19:38:32Z,louisiana,port-allen,15817,1467-court-st-70767,https://truckparkingclub.com/truck-parking/louisiana/port-allen/1467-court-st-70767,1,Truck + Trailer,10,,25.00,100.00,250.00
2026-08-02T21:12:43Z,louisiana,port-allen,15813,4747-river-road-70767,https://truckparkingclub.com/truck-parking/louisiana/port-allen/4747-river-road-70767,1,Bobtail / Box Truck,15,,15.00,60.00,150.00
2026-08-02T21:12:43Z,louisiana,port-allen,15815,1956-court-st-70767,https://truckparkingclub.com/truck-parking/louisiana/port-allen/1956-court-st-70767,1,Bobtail / Box Truck,50,,20.00,80.00,200.00
2026-08-02T21:12:43Z,louisiana,port-allen,15817,1467-court-st-70767,https://truckparkingclub.com/truck-parking/louisiana/port-allen/1467-court-st-70767,1,Truck + Trailer,10,,25.00,100.00,250.00
2026-08-02T22:13:09Z,louisiana,port-allen,15813,4747-river-road-70767,https://truckparkingclub.com/truck-parking/louisiana/port-allen/4747-river-road-70767,1,Bobtail / Box Truck,15,,15.00,60.00,150.00
2026-08-02T22:13:09Z,louisiana,port-allen,15815,1956-court-st-70767,https://truckparkingclub.com/truck-parking/louisiana/port-allen/1956-court-st-70767,1,Bobtail / Box Truck,50,,20.00,80.00,200.00
2026-08-02T22:13:09Z,louisiana,port-allen,15817,1467-court-st-70767,https://truckparkingclub.com/truck-parking/louisiana/port-allen/1467-court-st-70767,1,Truck + Trailer,10,,25.00,100.00,250.00
2026-08-02T23:15:47Z,louisiana,port-allen,15813,4747-river-road-70767,https://truckparkingclub.com/truck-parking/louisiana/port-allen/4747-river-road-70767,1,Bobtail / Box Truck,15,,15.00,60.00,150.00
2026-08-02T23:15:47Z,louisiana,port-allen,15815,1956-court-st-70767,https://truckparkingclub.com/truck-parking/louisiana/port-allen/1956-court-st-70767,1,Bobtail / Box Truck,50,,20.00,80.00,200.00
2026-08-02T23:15:47Z,louisiana,port-allen,15817,1467-court-st-70767,https://truckparkingclub.com/truck-parking/louisiana/port-allen/1467-court-st-70767,1,Truck + Trailer,10,,25.00,100.00,250.00
2026-08-03T00:16:01Z,louisiana,port-allen,15813,4747-river-road-70767,https://truckparkingclub.com/truck-parking/louisiana/port-allen/4747-river-road-70767,1,Bobtail / Box Truck,15,,15.00,60.00,150.00
2026-08-03T00:16:01Z,louisiana,port-allen,15815,1956-court-st-70767,https://truckparkingclub.com/truck-parking/louisiana/port-allen/1956-court-st-70767,1,Bobtail / Box Truck,50,,20.00,80.00,200.00
2026-08-03T00:16:01Z,louisiana,port-allen,15817,1467-court-st-70767,https://truckparkingclub.com/truck-parking/louisiana/port-allen/1467-court-st-70767,1,Truck + Trailer,10,,25.00,100.00,250.00
2026-08-03T04:00:57Z,louisiana,port-allen,15813,4747-river-road-70767,https://truckparkingclub.com/truck-parking/louisiana/port-allen/4747-river-road-70767,1,Bobtail / Box Truck,15,,15.00,60.00,150.00
2026-08-03T04:00:57Z,louisiana,port-allen,15815,1956-court-st-70767,https://truckparkingclub.com/truck-parking/louisiana/port-allen/1956-court-st-70767,1,Bobtail / Box Truck,50,,20.00,80.00,200.00
2026-08-03T04:00:57Z,louisiana,port-allen,15817,1467-court-st-70767,https://truckparkingclub.com/truck-parking/louisiana/port-allen/1467-court-st-70767,1,Truck + Trailer,10,,25.00,100.00,250.00
2026-08-03T07:51:31Z,louisiana,port-allen,15813,4747-river-road-70767,https://truckparkingclub.com/truck-parking/louisiana/port-allen/4747-river-road-70767,1,Bobtail / Box Truck,15,,15.00,60.00,150.00
2026-08-03T07:51:31Z,louisiana,port-allen,15815,1956-court-st-70767,https://truckparkingclub.com/truck-parking/louisiana/port-allen/1956-court-st-70767,1,Bobtail / Box Truck,50,,20.00,80.00,200.00
2026-08-03T07:51:31Z,louisiana,port-allen,15817,1467-court-st-70767,https://truckparkingclub.com/truck-parking/louisiana/port-allen/1467-court-st-70767,1,Truck + Trailer,10,,25.00,100.00,250.00
2026-08-03T11:49:07Z,louisiana,port-allen,15813,4747-river-road-70767,https://truckparkingclub.com/truck-parking/louisiana/port-allen/4747-river-road-70767,1,Bobtail / Box Truck,15,,15.00,60.00,150.00
2026-08-03T11:49:07Z,louisiana,port-allen,15815,1956-court-st-70767,https://truckparkingclub.com/truck-parking/louisiana/port-allen/1956-court-st-70767,1,Bobtail / Box Truck,50,,20.00,80.00,200.00
2026-08-03T11:49:07Z,louisiana,port-allen,15817,1467-court-st-70767,https://truckparkingclub.com/truck-parking/louisiana/port-allen/1467-court-st-70767,1,Truck + Trailer,9,,25.00,100.00,250.00
2026-08-03T15:21:06Z,louisiana,port-allen,15813,4747-river-road-70767,https://truckparkingclub.com/truck-parking/louisiana/port-allen/4747-river-road-70767,1,Bobtail / Box Truck,15,,15.00,60.00,150.00
2026-08-03T15:21:06Z,louisiana,port-allen,15815,1956-court-st-70767,https://truckparkingclub.com/truck-parking/louisiana/port-allen/1956-court-st-70767,1,Bobtail / Box Truck,50,,20.00,80.00,200.00
2026-08-03T15:21:06Z,louisiana,port-allen,15817,1467-court-st-70767,https://truckparkingclub.com/truck-parking/louisiana/port-allen/1467-court-st-70767,1,Truck + Trailer,9,,25.00,100.00,250.00
2026-08-03T17:21:48Z,louisiana,port-allen,15813,4747-river-road-70767,https://truckparkingclub.com/truck-parking/louisiana/port-allen/4747-river-road-70767,1,Bobtail / Box Truck,15,,15.00,60.00,150.00
2026-08-03T17:21:48Z,louisiana,port-allen,15815,1956-court-st-70767,https://truckparkingclub.com/truck-parking/louisiana/port-allen/1956-court-st-70767,1,Bobtail / Box Truck,50,,20.00,80.00,200.00
2026-08-03T17:21:48Z,louisiana,port-allen,15817,1467-court-st-70767,https://truckparkingclub.com/truck-parking/louisiana/port-allen/1467-court-st-70767,1,Truck + Trailer,9,,25.00,100.00,250.00
2026-08-03T18:59:59Z,louisiana,port-allen,15813,4747-river-road-70767,https://truckparkingclub.com/truck-parking/louisiana/port-allen/4747-river-road-70767,1,Bobtail / Box Truck,15,,15.00,60.00,150.00
2026-08-03T18:59:59Z,louisiana,port-allen,15815,1956-court-st-70767,https://truckparkingclub.com/truck-parking/louisiana/port-allen/1956-court-st-70767,1,Bobtail / Box Truck,50,,20.00,80.00,200.00
2026-08-03T18:59:59Z,louisiana,port-allen,15817,1467-court-st-70767,https://truckparkingclub.com/truck-parking/louisiana/port-allen/1467-court-st-70767,1,Truck + Trailer,9,,25.00,100.00,250.00
2026-08-03T20:40:08Z,louisiana,port-allen,15813,4747-river-road-70767,https://truckparkingclub.com/truck-parking/louisiana/port-allen/4747-river-road-70767,1,Bobtail / Box Truck,15,,15.00,60.00,150.00
2026-08-03T20:40:08Z,louisiana,port-allen,15815,1956-court-st-70767,https://truckparkingclub.com/truck-parking/louisiana/port-allen/1956-court-st-70767,1,Bobtail / Box Truck,50,,20.00,80.00,200.00
2026-08-03T20:40:08Z,louisiana,port-allen,15817,1467-court-st-70767,https://truckparkingclub.com/truck-parking/louisiana/port-allen/1467-court-st-70767,1,Truck + Trailer,9,,25.00,100.00,250.00
2026-08-03T22:29:15Z,louisiana,port-allen,15813,4747-river-road-70767,https://truckparkingclub.com/truck-parking/louisiana/port-allen/4747-river-road-70767,1,Bobtail / Box Truck,15,,15.00,60.00,150.00
2026-08-03T22:29:15Z,louisiana,port-allen,15815,1956-court-st-70767,https://truckparkingclub.com/truck-parking/louisiana/port-allen/1956-court-st-70767,1,Bobtail / Box Truck,50,,20.00,80.00,200.00
2026-08-03T22:29:15Z,louisiana,port-allen,15817,1467-court-st-70767,https://truckparkingclub.com/truck-parking/louisiana/port-allen/1467-court-st-70767,1,Truck + Trailer,9,,25.00,100.00,250.00
2026-08-04T00:17:26Z,louisiana,port-allen,15813,4747-river-road-70767,https://truckparkingclub.com/truck-parking/louisiana/port-allen/4747-river-road-70767,1,Bobtail / Box Truck,15,,15.00,60.00,150.00
2026-08-04T00:17:26Z,louisiana,port-allen,15815,1956-court-st-70767,https://truckparkingclub.com/truck-parking/louisiana/port-allen/1956-court-st-70767,1,Bobtail / Box Truck,50,,20.00,80.00,200.00
2026-08-04T00:17:26Z,louisiana,port-allen,15817,1467-court-st-70767,https://truckparkingclub.com/truck-parking/louisiana/port-allen/1467-court-st-70767,1,Truck + Trailer,9,,25.00,100.00,250.00
2026-08-04T03:42:58Z,louisiana,port-allen,15813,4747-river-road-70767,https://truckparkingclub.com/truck-parking/louisiana/port-allen/4747-river-road-70767,1,Bobtail / Box Truck,15,,15.00,60.00,150.00
2026-08-04T03:42:58Z,louisiana,port-allen,15815,1956-court-st-70767,https://truckparkingclub.com/truck-parking/louisiana/port-allen/1956-court-st-70767,1,Bobtail / Box Truck,50,,20.00,80.00,200.00
2026-08-04T03:42:58Z,louisiana,port-allen,15817,1467-court-st-70767,https://truckparkingclub.com/truck-parking/louisiana/port-allen/1467-court-st-70767,1,Truck + Trailer,9,,25.00,100.00,250.00
2026-08-04T06:44:22Z,louisiana,port-allen,15813,4747-river-road-70767,https://truckparkingclub.com/truck-parking/louisiana/port-allen/4747-river-road-70767,1,Bobtail / Box Truck,15,,15.00,60.00,150.00
2026-08-04T06:44:22Z,louisiana,port-allen,15815,1956-court-st-70767,https://truckparkingclub.com/truck-parking/louisiana/port-allen/1956-court-st-70767,1,Bobtail / Box Truck,50,,20.00,80.00,200.00
2026-08-04T06:44:22Z,louisiana,port-allen,15817,1467-court-st-70767,https://truckparkingclub.com/truck-parking/louisiana/port-allen/1467-court-st-70767,1,Truck + Trailer,9,,25.00,100.00,250.00
2026-08-04T10:02:09Z,louisiana,port-allen,15813,4747-river-road-70767,https://truckparkingclub.com/truck-parking/louisiana/port-allen/4747-river-road-70767,1,Bobtail / Box Truck,15,,15.00,60.00,150.00
2026-08-04T10:02:09Z,louisiana,port-allen,15815,1956-court-st-70767,https://truckparkingclub.com/truck-parking/louisiana/port-allen/1956-court-st-70767,1,Bobtail / Box Truck,50,,20.00,80.00,200.00
2026-08-04T10:02:09Z,louisiana,port-allen,15817,1467-court-st-70767,https://truckparkingclub.com/truck-parking/louisiana/port-allen/1467-court-st-70767,1,Truck + Trailer,9,,25.00,100.00,250.00
2026-08-04T12:21:15Z,louisiana,port-allen,15813,4747-river-road-70767,https://truckparkingclub.com/truck-parking/louisiana/port-allen/4747-river-road-70767,1,Bobtail / Box Truck,15,,15.00,60.00,150.00
2026-08-04T12:21:15Z,louisiana,port-allen,15815,1956-court-st-70767,https://truckparkingclub.com/truck-parking/louisiana/port-allen/1956-court-st-70767,1,Bobtail / Box Truck,50,,20.00,80.00,200.00
2026-08-04T12:21:15Z,louisiana,port-allen,15817,1467-court-st-70767,https://truckparkingclub.com/truck-parking/louisiana/port-allen/1467-court-st-70767,1,Truck + Trailer,9,,25.00,100.00,250.00
2026-08-04T14:45:19Z,louisiana,port-allen,15813,4747-river-road-70767,https://truckparkingclub.com/truck-parking/louisiana/port-allen/4747-river-road-70767,1,Bobtail / Box Truck,15,,15.00,60.00,150.00
2026-08-04T14:45:19Z,louisiana,port-allen,15815,1956-court-st-70767,https://truckparkingclub.com/truck-parking/louisiana/port-allen/1956-court-st-70767,1,Bobtail / Box Truck,50,,20.00,80.00,200.00
2026-08-04T14:45:19Z,louisiana,port-allen,15817,1467-court-st-70767,https://truckparkingclub.com/truck-parking/louisiana/port-allen/1467-court-st-70767,1,Truck + Trailer,10,,25.00,100.00,250.00
2026-08-04T17:07:54Z,louisiana,port-allen,15813,4747-river-road-70767,https://truckparkingclub.com/truck-parking/louisiana/port-allen/4747-river-road-70767,1,Bobtail / Box Truck,15,,15.00,60.00,150.00
2026-08-04T17:07:54Z,louisiana,port-allen,15815,1956-court-st-70767,https://truckparkingclub.com/truck-parking/louisiana/port-allen/1956-court-st-70767,1,Bobtail / Box Truck,50,,20.00,80.00,200.00
2026-08-04T17:07:54Z,louisiana,port-allen,15817,1467-court-st-70767,https://truckparkingclub.com/truck-parking/louisiana/port-allen/1467-court-st-70767,1,Truck + Trailer,10,,25.00,100.00,250.00
2026-08-04T18:58:07Z,louisiana,port-allen,15813,4747-river-road-70767,https://truckparkingclub.com/truck-parking/louisiana/port-allen/4747-river-road-70767,1,Bobtail / Box Truck,15,,15.00,60.00,150.00
2026-08-04T18:58:07Z,louisiana,port-allen,15815,1956-court-st-70767,https://truckparkingclub.com/truck-parking/louisiana/port-allen/1956-court-st-70767,1,Bobtail / Box Truck,50,,20.00,80.00,200.00
2026-08-04T18:58:07Z,louisiana,port-allen,15817,1467-court-st-70767,https://truckparkingclub.com/truck-parking/louisiana/port-allen/1467-court-st-70767,1,Truck + Trailer,10,,25.00,100.00,250.00
2026-08-04T20:45:48Z,louisiana,port-allen,15813,4747-river-road-70767,https://truckparkingclub.com/truck-parking/louisiana/port-allen/4747-river-road-70767,1,Bobtail / Box Truck,15,,15.00,60.00,150.00
2026-08-04T20:45:48Z,louisiana,port-allen,15815,1956-court-st-70767,https://truckparkingclub.com/truck-parking/louisiana/port-allen/1956-court-st-70767,1,Bobtail / Box Truck,50,,20.00,80.00,200.00
2026-08-04T20:45:48Z,louisiana,port-allen,15817,1467-court-st-70767,https://truckparkingclub.com/truck-parking/louisiana/port-allen/1467-court-st-70767,1,Truck + Trailer,10,,25.00,100.00,250.00
2026-08-04T22:31:17Z,louisiana,port-allen,15813,4747-river-road-70767,https://truckparkingclub.com/truck-parking/louisiana/port-allen/4747-river-road-70767,1,Bobtail / Box Truck,15,,15.00,60.00,150.00
2026-08-04T22:31:17Z,louisiana,port-allen,15815,1956-court-st-70767,https://truckparkingclub.com/truck-parking/louisiana/port-allen/1956-court-st-70767,1,Bobtail / Box Truck,50,,20.00,80.00,200.00
2026-08-04T22:31:17Z,louisiana,port-allen,15817,1467-court-st-70767,https://truckparkingclub.com/truck-parking/louisiana/port-allen/1467-court-st-70767,1,Truck + Trailer,10,,25.00,100.00,250.00
2026-08-05T00:16:40Z,louisiana,port-allen,15813,4747-river-road-70767,https://truckparkingclub.com/truck-parking/louisiana/port-allen/4747-river-road-70767,1,Bobtail / Box Truck,15,,15.00,60.00,150.00
2026-08-05T00:16:40Z,louisiana,port-allen,15815,1956-court-st-70767,https://truckparkingclub.com/truck-parking/louisiana/port-allen/1956-court-st-70767,1,Bobtail / Box Truck,50,,20.00,80.00,200.00
2026-08-05T00:16:40Z,louisiana,port-allen,15817,1467-court-st-70767,https://truckparkingclub.com/truck-parking/louisiana/port-allen/1467-court-st-70767,1,Truck + Trailer,10,,25.00,100.00,250.00
2026-08-05T03:39:46Z,louisiana,port-allen,15813,4747-river-road-70767,https://truckparkingclub.com/truck-parking/louisiana/port-allen/4747-river-road-70767,1,Bobtail / Box Truck,15,,15.00,60.00,150.00
2026-08-05T03:39:46Z,louisiana,port-allen,15815,1956-court-st-70767,https://truckparkingclub.com/truck-parking/louisiana/port-allen/1956-court-st-70767,1,Bobtail / Box Truck,50,,20.00,80.00,200.00
2026-08-05T03:39:46Z,louisiana,port-allen,15817,1467-court-st-70767,https://truckparkingclub.com/truck-parking/louisiana/port-allen/1467-court-st-70767,1,Truck + Trailer,9,,25.00,100.00,250.00
2026-08-05T06:46:14Z,louisiana,port-allen,15813,4747-river-road-70767,https://truckparkingclub.com/truck-parking/louisiana/port-allen/4747-river-road-70767,1,Bobtail / Box Truck,15,,15.00,60.00,150.00
2026-08-05T06:46:14Z,louisiana,port-allen,15815,1956-court-st-70767,https://truckparkingclub.com/truck-parking/louisiana/port-allen/1956-court-st-70767,1,Bobtail / Box Truck,50,,20.00,80.00,200.00
2026-08-05T06:46:14Z,louisiana,port-allen,15817,1467-court-st-70767,https://truckparkingclub.com/truck-parking/louisiana/port-allen/1467-court-st-70767,1,Truck + Trailer,9,,25.00,100.00,250.00
2026-08-05T10:00:13Z,louisiana,port-allen,15813,4747-river-road-70767,https://truckparkingclub.com/truck-parking/louisiana/port-allen/4747-river-road-70767,1,Bobtail / Box Truck,15,,15.00,60.00,150.00
2026-08-05T10:00:13Z,louisiana,port-allen,15815,1956-court-st-70767,https://truckparkingclub.com/truck-parking/louisiana/port-allen/1956-court-st-70767,1,Bobtail / Box Truck,50,,20.00,80.00,200.00
2026-08-05T10:00:13Z,louisiana,port-allen,15817,1467-court-st-70767,https://truckparkingclub.com/truck-parking/louisiana/port-allen/1467-court-st-70767,1,Truck + Trailer,9,,25.00,100.00,250.00
2026-08-05T12:19:33Z,louisiana,port-allen,15813,4747-river-road-70767,https://truckparkingclub.com/truck-parking/louisiana/port-allen/4747-river-road-70767,1,Bobtail / Box Truck,15,,15.00,60.00,150.00
2026-08-05T12:19:33Z,louisiana,port-allen,15815,1956-court-st-70767,https://truckparkingclub.com/truck-parking/louisiana/port-allen/1956-court-st-70767,1,Bobtail / Box Truck,50,,20.00,80.00,200.00
2026-08-05T12:19:33Z,louisiana,port-allen,15817,1467-court-st-70767,https://truckparkingclub.com/truck-parking/louisiana/port-allen/1467-court-st-70767,1,Truck + Trailer,9,,25.00,100.00,250.00
2026-08-05T14:40:06Z,louisiana,port-allen,15813,4747-river-road-70767,https://truckparkingclub.com/truck-parking/louisiana/port-allen/4747-river-road-70767,1,Bobtail / Box Truck,15,,15.00,60.00,150.00
2026-08-05T14:40:06Z,louisiana,port-allen,15815,1956-court-st-70767,https://truckparkingclub.com/truck-parking/louisiana/port-allen/1956-court-st-70767,1,Bobtail / Box Truck,50,,20.00,80.00,200.00
2026-08-05T14:40:06Z,louisiana,port-allen,15817,1467-court-st-70767,https://truckparkingclub.com/truck-parking/louisiana/port-allen/1467-court-st-70767,1,Truck + Trailer,9,,25.00,100.00,250.00
2026-08-05T16:54:45Z,louisiana,port-allen,15813,4747-river-road-70767,https://truckparkingclub.com/truck-parking/louisiana/port-allen/4747-river-road-70767,1,Bobtail / Box Truck,15,,15.00,60.00,150.00
2026-08-05T16:54:45Z,louisiana,port-allen,15815,1956-court-st-70767,https://truckparkingclub.com/truck-parking/louisiana/port-allen/1956-court-st-70767,1,Bobtail / Box Truck,50,,20.00,80.00,200.00
2026-08-05T16:54:45Z,louisiana,port-allen,15817,1467-court-st-70767,https://truckparkingclub.com/truck-parking/louisiana/port-allen/1467-court-st-70767,1,Truck + Trailer,9,,25.00,100.00,250.00
2026-08-05T18:57:10Z,louisiana,port-allen,15813,4747-river-road-70767,https://truckparkingclub.com/truck-parking/louisiana/port-allen/4747-river-road-70767,1,Bobtail / Box Truck,15,,15.00,60.00,150.00
2026-08-05T18:57:10Z,louisiana,port-allen,15815,1956-court-st-70767,https://truckparkingclub.com/truck-parking/louisiana/port-allen/1956-court-st-70767,1,Bobtail / Box Truck,50,,20.00,80.00,200.00
2026-08-05T18:57:10Z,louisiana,port-allen,15817,1467-court-st-70767,https://truckparkingclub.com/truck-parking/louisiana/port-allen/1467-court-st-70767,1,Truck + Trailer,9,,25.00,100.00,250.00
2026-08-05T20:40:52Z,louisiana,port-allen,15813,4747-river-road-70767,https://truckparkingclub.com/truck-parking/louisiana/port-allen/4747-river-road-70767,1,Bobtail / Box Truck,15,,15.00,60.00,150.00
2026-08-05T20:40:52Z,louisiana,port-allen,15815,1956-court-st-70767,https://truckparkingclub.com/truck-parking/louisiana/port-allen/1956-court-st-70767,1,Bobtail / Box Truck,50,,20.00,80.00,200.00
2026-08-05T20:40:52Z,louisiana,port-allen,15817,1467-court-st-70767,https://truckparkingclub.com/truck-parking/louisiana/port-allen/1467-court-st-70767,1,Truck + Trailer,9,,25.00,100.00,250.00
2026-08-05T22:29:55Z,louisiana,port-allen,15813,4747-river-road-70767,https://truckparkingclub.com/truck-parking/louisiana/port-allen/4747-river-road-70767,1,Bobtail / Box Truck,15,,15.00,60.00,150.00
2026-08-05T22:29:55Z,louisiana,port-allen,15815,1956-court-st-70767,https://truckparkingclub.com/truck-parking/louisiana/port-allen/1956-court-st-70767,1,Bobtail / Box Truck,50,,20.00,80.00,200.00
2026-08-05T22:29:55Z,louisiana,port-allen,15817,1467-court-st-70767,https://truckparkingclub.com/truck-parking/louisiana/port-allen/1467-court-st-70767,1,Truck + Trailer,9,,25.00,100.00,250.00
2026-08-06T00:13:04Z,louisiana,port-allen,15813,4747-river-road-70767,https://truckparkingclub.com/truck-parking/louisiana/port-allen/4747-river-road-70767,1,Bobtail / Box Truck,15,,15.00,60.00,150.00
2026-08-06T00:13:04Z,louisiana,port-allen,15815,1956-court-st-70767,https://truckparkingclub.com/truck-parking/louisiana/port-allen/1956-court-st-70767,1,Bobtail / Box Truck,50,,20.00,80.00,200.00
2026-08-06T00:13:04Z,louisiana,port-allen,15817,1467-court-st-70767,https://truckparkingclub.com/truck-parking/louisiana/port-allen/1467-court-st-70767,1,Truck + Trailer,9,,25.00,100.00,250.00
2026-08-06T03:45:10Z,louisiana,port-allen,15813,4747-river-road-70767,https://truckparkingclub.com/truck-parking/louisiana/port-allen/4747-river-road-70767,1,Bobtail / Box Truck,15,,15.00,60.00,150.00
2026-08-06T03:45:10Z,louisiana,port-allen,15815,1956-court-st-70767,https://truckparkingclub.com/truck-parking/louisiana/port-allen/1956-court-st-70767,1,Bobtail / Box Truck,50,,20.00,80.00,200.00
2026-08-06T03:45:10Z,louisiana,port-allen,15817,1467-court-st-70767,https://truckparkingclub.com/truck-parking/louisiana/port-allen/1467-court-st-70767,1,Truck + Trailer,10,,25.00,100.00,250.00
2026-08-06T07:07:03Z,louisiana,port-allen,15813,4747-river-road-70767,https://truckparkingclub.com/truck-parking/louisiana/port-allen/4747-river-road-70767,1,Bobtail / Box Truck,15,,15.00,60.00,150.00
2026-08-06T07:07:03Z,louisiana,port-allen,15815,1956-court-st-70767,https://truckparkingclub.com/truck-parking/louisiana/port-allen/1956-court-st-70767,1,Bobtail / Box Truck,50,,20.00,80.00,200.00
2026-08-06T07:07:03Z,louisiana,port-allen,15817,1467-court-st-70767,https://truckparkingclub.com/truck-parking/louisiana/port-allen/1467-court-st-70767,1,Truck + Trailer,10,,25.00,100.00,250.00
2026-08-06T10:02:42Z,louisiana,port-allen,15813,4747-river-road-70767,https://truckparkingclub.com/truck-parking/louisiana/port-allen/4747-river-road-70767,1,Bobtail / Box Truck,15,,15.00,60.00,150.00
2026-08-06T10:02:42Z,louisiana,port-allen,15815,1956-court-st-70767,https://truckparkingclub.com/truck-parking/louisiana/port-allen/1956-court-st-70767,1,Bobtail / Box Truck,50,,20.00,80.00,200.00
2026-08-06T10:02:42Z,louisiana,port-allen,15817,1467-court-st-70767,https://truckparkingclub.com/truck-parking/louisiana/port-allen/1467-court-st-70767,1,Truck + Trailer,10,,25.00,100.00,250.00
2026-08-06T12:21:55Z,louisiana,port-allen,15813,4747-river-road-70767,https://truckparkingclub.com/truck-parking/louisiana/port-allen/4747-river-road-70767,1,Bobtail / Box Truck,15,,15.00,60.00,150.00
2026-08-06T12:21:55Z,louisiana,port-allen,15815,1956-court-st-70767,https://truckparkingclub.com/truck-parking/louisiana/port-allen/1956-court-st-70767,1,Bobtail / Box Truck,50,,20.00,80.00,200.00
2026-08-06T12:21:55Z,louisiana,port-allen,15817,1467-court-st-70767,https://truckparkingclub.com/truck-parking/louisiana/port-allen/1467-court-st-70767,1,Truck + Trailer,10,,25.00,100.00,250.00
2026-08-06T14:41:23Z,louisiana,port-allen,15813,4747-river-road-70767,https://truckparkingclub.com/truck-parking/louisiana/port-allen/4747-river-road-70767,1,Bobtail / Box Truck,15,,15.00,60.00,150.00
2026-08-06T14:41:23Z,louisiana,port-allen,15815,1956-court-st-70767,https://truckparkingclub.com/truck-parking/louisiana/port-allen/1956-court-st-70767,1,Bobtail / Box Truck,50,,20.00,80.00,200.00
2026-08-06T14:41:23Z,louisiana,port-allen,15817,1467-court-st-70767,https://truckparkingclub.com/truck-parking/louisiana/port-allen/1467-court-st-70767,1,Truck + Trailer,10,,25.00,100.00,250.00
2026-08-07T00:44:45Z,louisiana,port-allen,15813,4747-river-road-70767,https://truckparkingclub.com/truck-parking/louisiana/port-allen/4747-river-road-70767,1,Bobtail / Box Truck,15,,15.00,60.00,150.00
2026-08-07T00:44:45Z,louisiana,port-allen,15815,1956-court-st-70767,https://truckparkingclub.com/truck-parking/louisiana/port-allen/1956-court-st-70767,1,Bobtail / Box Truck,50,,20.00,80.00,200.00
2026-08-07T00:44:45Z,louisiana,port-allen,15817,1467-court-st-70767,https://truckparkingclub.com/truck-parking/louisiana/port-allen/1467-court-st-70767,1,Truck + Trailer,10,,25.00,100.00,250.00
2026-08-07T04:04:32Z,louisiana,port-allen,15813,4747-river-road-70767,https://truckparkingclub.com/truck-parking/louisiana/port-allen/4747-river-road-70767,1,Bobtail / Box Truck,15,,15.00,60.00,150.00
2026-08-07T04:04:32Z,louisiana,port-allen,15815,1956-court-st-70767,https://truckparkingclub.com/truck-parking/louisiana/port-allen/1956-court-st-70767,1,Bobtail / Box Truck,50,,20.00,80.00,200.00
2026-08-07T04:04:32Z,louisiana,port-allen,15817,1467-court-st-70767,https://truckparkingclub.com/truck-parking/louisiana/port-allen/1467-court-st-70767,1,Truck + Trailer,10,,25.00,100.00,250.00
2026-08-07T05:53:17Z,louisiana,port-allen,15813,4747-river-road-70767,https://truckparkingclub.com/truck-parking/louisiana/port-allen/4747-river-road-70767,1,Bobtail / Box Truck,15,,15.00,60.00,150.00
2026-08-07T05:53:17Z,louisiana,port-allen,15815,1956-court-st-70767,https://truckparkingclub.com/truck-parking/louisiana/port-allen/1956-court-st-70767,1,Bobtail / Box Truck,50,,20.00,80.00,200.00
2026-08-07T05:53:17Z,louisiana,port-allen,15817,1467-court-st-70767,https://truckparkingclub.com/truck-parking/louisiana/port-allen/1467-court-st-70767,1,Truck + Trailer,10,,25.00,100.00,250.00
2026-08-07T07:47:19Z,louisiana,port-allen,15813,4747-river-road-70767,https://truckparkingclub.com/truck-parking/louisiana/port-allen/4747-river-road-70767,1,Bobtail / Box Truck,15,,15.00,60.00,150.00
2026-08-07T07:47:19Z,louisiana,port-allen,15815,1956-court-st-70767,https://truckparkingclub.com/truck-parking/louisiana/port-allen/1956-court-st-70767,1,Bobtail / Box Truck,50,,20.00,80.00,200.00
2026-08-07T07:47:19Z,louisiana,port-allen,15817,1467-court-st-70767,https://truckparkingclub.com/truck-parking/louisiana/port-allen/1467-court-st-70767,1,Truck + Trailer,10,,25.00,100.00,250.00
2026-08-07T09:26:56Z,louisiana,port-allen,15813,4747-river-road-70767,https://truckparkingclub.com/truck-parking/louisiana/port-allen/4747-river-road-70767,1,Bobtail / Box Truck,15,,15.00,60.00,150.00
2026-08-07T09:26:56Z,louisiana,port-allen,15815,1956-court-st-70767,https://truckparkingclub.com/truck-parking/louisiana/port-allen/1956-court-st-70767,1,Bobtail / Box Truck,50,,20.00,80.00,200.00
2026-08-07T09:26:56Z,louisiana,port-allen,15817,1467-court-st-70767,https://truckparkingclub.com/truck-parking/louisiana/port-allen/1467-court-st-70767,1,Truck + Trailer,10,,25.00,100.00,250.00
2026-08-07T11:11:00Z,louisiana,port-allen,15813,4747-river-road-70767,https://truckparkingclub.com/truck-parking/louisiana/port-allen/4747-river-road-70767,1,Bobtail / Box Truck,15,,15.00,60.00,150.00
2026-08-07T11:11:00Z,louisiana,port-allen,15815,1956-court-st-70767,https://truckparkingclub.com/truck-parking/louisiana/port-allen/1956-court-st-70767,1,Bobtail / Box Truck,50,,20.00,80.00,200.00
2026-08-07T11:11:00Z,louisiana,port-allen,15817,1467-court-st-70767,https://truckparkingclub.com/truck-parking/louisiana/port-allen/1467-court-st-70767,1,Truck + Trailer,10,,25.00,100.00,250.00
2026-08-07T12:00:48Z,louisiana,port-allen,15813,4747-river-road-70767,https://truckparkingclub.com/truck-parking/louisiana/port-allen/4747-river-road-70767,1,Bobtail / Box Truck,15,,15.00,60.00,150.00
2026-08-07T12:00:48Z,louisiana,port-allen,15815,1956-court-st-70767,https://truckparkingclub.com/truck-parking/louisiana/port-allen/1956-court-st-70767,1,Bobtail / Box Truck,50,,20.00,80.00,200.00
2026-08-07T12:00:48Z,louisiana,port-allen,15817,1467-court-st-70767,https://truckparkingclub.com/truck-parking/louisiana/port-allen/1467-court-st-70767,1,Truck + Trailer,10,,25.00,100.00,250.00
2026-08-07T13:42:37Z,louisiana,port-allen,15813,4747-river-road-70767,https://truckparkingclub.com/truck-parking/louisiana/port-allen/4747-river-road-70767,1,Bobtail / Box Truck,15,,15.00,60.00,150.00
2026-08-07T13:42:37Z,louisiana,port-allen,15815,1956-court-st-70767,https://truckparkingclub.com/truck-parking/louisiana/port-allen/1956-court-st-70767,1,Bobtail / Box Truck,50,,20.00,80.00,200.00
2026-08-07T13:42:37Z,louisiana,port-allen,15817,1467-court-st-70767,https://truckparkingclub.com/truck-parking/louisiana/port-allen/1467-court-st-70767,1,Truck + Trailer,10,,25.00,100.00,250.00
2026-08-07T15:11:55Z,louisiana,port-allen,15813,4747-river-road-70767,https://truckparkingclub.com/truck-parking/louisiana/port-allen/4747-river-road-70767,1,Bobtail / Box Truck,15,,15.00,60.00,150.00
2026-08-07T15:11:55Z,louisiana,port-allen,15815,1956-court-st-70767,https://truckparkingclub.com/truck-parking/louisiana/port-allen/1956-court-st-70767,1,Bobtail / Box Truck,50,,20.00,80.00,200.00
2026-08-07T15:11:55Z,louisiana,port-allen,15817,1467-court-st-70767,https://truckparkingclub.com/truck-parking/louisiana/port-allen/1467-court-st-70767,1,Truck + Trailer,10,,25.00,100.00,250.00
2026-08-07T16:11:42Z,louisiana,port-allen,15813,4747-river-road-70767,https://truckparkingclub.com/truck-parking/louisiana/port-allen/4747-river-road-70767,1,Bobtail / Box Truck,15,,15.00,60.00,150.00
2026-08-07T16:11:42Z,louisiana,port-allen,15815,1956-court-st-70767,https://truckparkingclub.com/truck-parking/louisiana/port-allen/1956-court-st-70767,1,Bobtail / Box Truck,50,,20.00,80.00,200.00
2026-08-07T16:11:42Z,louisiana,port-allen,15817,1467-court-st-70767,https://truckparkingclub.com/truck-parking/louisiana/port-allen/1467-court-st-70767,1,Truck + Trailer,10,,25.00,100.00,250.00
2026-08-07T17:11:56Z,louisiana,port-allen,15813,4747-river-road-70767,https://truckparkingclub.com/truck-parking/louisiana/port-allen/4747-river-road-70767,1,Bobtail / Box Truck,15,,15.00,60.00,150.00
2026-08-07T17:11:56Z,louisiana,port-allen,15815,1956-court-st-70767,https://truckparkingclub.com/truck-parking/louisiana/port-allen/1956-court-st-70767,1,Bobtail / Box Truck,50,,20.00,80.00,200.00
2026-08-07T17:11:56Z,louisiana,port-allen,15817,1467-court-st-70767,https://truckparkingclub.com/truck-parking/louisiana/port-allen/1467-court-st-70767,1,Truck + Trailer,10,,25.00,100.00,250.00
2026-08-07T18:06:10Z,louisiana,port-allen,15813,4747-river-road-70767,https://truckparkingclub.com/truck-parking/louisiana/port-allen/4747-river-road-70767,1,Bobtail / Box Truck,15,,15.00,60.00,150.00
2026-08-07T18:06:10Z,louisiana,port-allen,15815,1956-court-st-70767,https://truckparkingclub.com/truck-parking/louisiana/port-allen/1956-court-st-70767,1,Bobtail / Box Truck,50,,20.00,80.00,200.00
2026-08-07T18:06:10Z,louisiana,port-allen,15817,1467-court-st-70767,https://truckparkingclub.com/truck-parking/louisiana/port-allen/1467-court-st-70767,1,Truck + Trailer,10,,25.00,100.00,250.00
2026-08-07T19:24:20Z,louisiana,port-allen,15813,4747-river-road-70767,https://truckparkingclub.com/truck-parking/louisiana/port-allen/4747-river-road-70767,1,Bobtail / Box Truck,15,,15.00,60.00,150.00
2026-08-07T19:24:20Z,louisiana,port-allen,15815,1956-court-st-70767,https://truckparkingclub.com/truck-parking/louisiana/port-allen/1956-court-st-70767,1,Bobtail / Box Truck,50,,20.00,80.00,200.00
2026-08-07T19:24:20Z,louisiana,port-allen,15817,1467-court-st-70767,https://truckparkingclub.com/truck-parking/louisiana/port-allen/1467-court-st-70767,1,Truck + Trailer,10,,25.00,100.00,250.00
2026-08-07T21:03:22Z,louisiana,port-allen,15813,4747-river-road-70767,https://truckparkingclub.com/truck-parking/louisiana/port-allen/4747-river-road-70767,1,Bobtail / Box Truck,15,,15.00,60.00,150.00
2026-08-07T21:03:22Z,louisiana,port-allen,15815,1956-court-st-70767,https://truckparkingclub.com/truck-parking/louisiana/port-allen/1956-court-st-70767,1,Bobtail / Box Truck,50,,20.00,80.00,200.00
2026-08-07T21:03:22Z,louisiana,port-allen,15817,1467-court-st-70767,https://truckparkingclub.com/truck-parking/louisiana/port-allen/1467-court-st-70767,1,Truck + Trailer,10,,25.00,100.00,250.00
2026-08-07T21:58:36Z,louisiana,port-allen,15813,4747-river-road-70767,https://truckparkingclub.com/truck-parking/louisiana/port-allen/4747-river-road-70767,1,Bobtail / Box Truck,15,,15.00,60.00,150.00
2026-08-07T21:58:36Z,louisiana,port-allen,15815,1956-court-st-70767,https://truckparkingclub.com/truck-parking/louisiana/port-allen/1956-court-st-70767,1,Bobtail / Box Truck,50,,20.00,80.00,200.00
2026-08-07T21:58:36Z,louisiana,port-allen,15817,1467-court-st-70767,https://truckparkingclub.com/truck-parking/louisiana/port-allen/1467-court-st-70767,1,Truck + Trailer,10,,25.00,100.00,250.00
2026-08-07T22:58:14Z,louisiana,port-allen,15813,4747-river-road-70767,https://truckparkingclub.com/truck-parking/louisiana/port-allen/4747-river-road-70767,1,Bobtail / Box Truck,15,,15.00,60.00,150.00
2026-08-07T22:58:14Z,louisiana,port-allen,15815,1956-court-st-70767,https://truckparkingclub.com/truck-parking/louisiana/port-allen/1956-court-st-70767,1,Bobtail / Box Truck,50,,20.00,80.00,200.00
2026-08-07T22:58:14Z,louisiana,port-allen,15817,1467-court-st-70767,https://truckparkingclub.com/truck-parking/louisiana/port-allen/1467-court-st-70767,1,Truck + Trailer,10,,25.00,100.00,250.00
2026-08-07T23:50:42Z,louisiana,port-allen,15813,4747-river-road-70767,https://truckparkingclub.com/truck-parking/louisiana/port-allen/4747-river-road-70767,1,Bobtail / Box Truck,15,,15.00,60.00,150.00
2026-08-07T23:50:42Z,louisiana,port-allen,15815,1956-court-st-70767,https://truckparkingclub.com/truck-parking/louisiana/port-allen/1956-court-st-70767,1,Bobtail / Box Truck,50,,20.00,80.00,200.00
2026-08-07T23:50:42Z,louisiana,port-allen,15817,1467-court-st-70767,https://truckparkingclub.com/truck-parking/louisiana/port-allen/1467-court-st-70767,1,Truck + Trailer,10,,25.00,100.00,250.00
2026-08-08T02:24:54Z,louisiana,port-allen,15813,4747-river-road-70767,https://truckparkingclub.com/truck-parking/louisiana/port-allen/4747-river-road-70767,1,Bobtail / Box Truck,15,,15.00,60.00,150.00
2026-08-08T02:24:54Z,louisiana,port-allen,15815,1956-court-st-70767,https://truckparkingclub.com/truck-parking/louisiana/port-allen/1956-court-st-70767,1,Bobtail / Box Truck,50,,20.00,80.00,200.00
2026-08-08T02:24:54Z,louisiana,port-allen,15817,1467-court-st-70767,https://truckparkingclub.com/truck-parking/louisiana/port-allen/1467-court-st-70767,1,Truck + Trailer,10,,25.00,100.00,250.00
2026-08-08T04:31:07Z,louisiana,port-allen,15813,4747-river-road-70767,https://truckparkingclub.com/truck-parking/louisiana/port-allen/4747-river-road-70767,1,Bobtail / Box Truck,15,,15.00,60.00,150.00
2026-08-08T04:31:07Z,louisiana,port-allen,15815,1956-court-st-70767,https://truckparkingclub.com/truck-parking/louisiana/port-allen/1956-court-st-70767,1,Bobtail / Box Truck,50,,20.00,80.00,200.00
2026-08-08T04:31:07Z,louisiana,port-allen,15817,1467-court-st-70767,https://truckparkingclub.com/truck-parking/louisiana/port-allen/1467-court-st-70767,1,Truck + Trailer,10,,25.00,100.00,250.00
2026-08-08T05:59:44Z,louisiana,port-allen,15813,4747-river-road-70767,https://truckparkingclub.com/truck-parking/louisiana/port-allen/4747-river-road-70767,1,Bobtail / Box Truck,15,,15.00,60.00,150.00
2026-08-08T05:59:44Z,louisiana,port-allen,15815,1956-court-st-70767,https://truckparkingclub.com/truck-parking/louisiana/port-allen/1956-court-st-70767,1,Bobtail / Box Truck,50,,20.00,80.00,200.00
2026-08-08T05:59:44Z,louisiana,port-allen,15817,1467-court-st-70767,https://truckparkingclub.com/truck-parking/louisiana/port-allen/1467-court-st-70767,1,Truck + Trailer,10,,25.00,100.00,250.00
2026-08-08T07:24:44Z,louisiana,port-allen,15813,4747-river-road-70767,https://truckparkingclub.com/truck-parking/louisiana/port-allen/4747-river-road-70767,1,Bobtail / Box Truck,15,,15.00,60.00,150.00
2026-08-08T07:24:44Z,louisiana,port-allen,15815,1956-court-st-70767,https://truckparkingclub.com/truck-parking/louisiana/port-allen/1956-court-st-70767,1,Bobtail / Box Truck,50,,20.00,80.00,200.00
2026-08-08T07:24:44Z,louisiana,port-allen,15817,1467-court-st-70767,https://truckparkingclub.com/truck-parking/louisiana/port-allen/1467-court-st-70767,1,Truck + Trailer,10,,25.00,100.00,250.00
2026-08-08T09:04:10Z,louisiana,port-allen,15813,4747-river-road-70767,https://truckparkingclub.com/truck-parking/louisiana/port-allen/4747-river-road-70767,1,Bobtail / Box Truck,15,,15.00,60.00,150.00
2026-08-08T09:04:10Z,louisiana,port-allen,15815,1956-court-st-70767,https://truckparkingclub.com/truck-parking/louisiana/port-allen/1956-court-st-70767,1,Bobtail / Box Truck,50,,20.00,80.00,200.00
2026-08-08T09:04:10Z,louisiana,port-allen,15817,1467-court-st-70767,https://truckparkingclub.com/truck-parking/louisiana/port-allen/1467-court-st-70767,1,Truck + Trailer,10,,25.00,100.00,250.00
2026-08-08T09:57:08Z,louisiana,port-allen,15813,4747-river-road-70767,https://truckparkingclub.com/truck-parking/louisiana/port-allen/4747-river-road-70767,1,Bobtail / Box Truck,15,,15.00,60.00,150.00
2026-08-08T09:57:08Z,louisiana,port-allen,15815,1956-court-st-70767,https://truckparkingclub.com/truck-parking/louisiana/port-allen/1956-court-st-70767,1,Bobtail / Box Truck,50,,20.00,80.00,200.00
2026-08-08T09:57:08Z,louisiana,port-allen,15817,1467-court-st-70767,https://truckparkingclub.com/truck-parking/louisiana/port-allen/1467-court-st-70767,1,Truck + Trailer,10,,25.00,100.00,250.00
2026-08-08T10:54:19Z,louisiana,port-allen,15813,4747-river-road-70767,https://truckparkingclub.com/truck-parking/louisiana/port-allen/4747-river-road-70767,1,Bobtail / Box Truck,15,,15.00,60.00,150.00
2026-08-08T10:54:19Z,louisiana,port-allen,15815,1956-court-st-70767,https://truckparkingclub.com/truck-parking/louisiana/port-allen/1956-court-st-70767,1,Bobtail / Box Truck,50,,20.00,80.00,200.00
2026-08-08T10:54:19Z,louisiana,port-allen,15817,1467-court-st-70767,https://truckparkingclub.com/truck-parking/louisiana/port-allen/1467-court-st-70767,1,Truck + Trailer,10,,25.00,100.00,250.00
2026-08-08T11:47:42Z,louisiana,port-allen,15813,4747-river-road-70767,https://truckparkingclub.com/truck-parking/louisiana/port-allen/4747-river-road-70767,1,Bobtail / Box Truck,15,,15.00,60.00,150.00
2026-08-08T11:47:42Z,louisiana,port-allen,15815,1956-court-st-70767,https://truckparkingclub.com/truck-parking/louisiana/port-allen/1956-court-st-70767,1,Bobtail / Box Truck,50,,20.00,80.00,200.00
2026-08-08T11:47:42Z,louisiana,port-allen,15817,1467-court-st-70767,https://truckparkingclub.com/truck-parking/louisiana/port-allen/1467-court-st-70767,1,Truck + Trailer,10,,25.00,100.00,250.00
2026-08-08T13:16:19Z,louisiana,port-allen,15813,4747-river-road-70767,https://truckparkingclub.com/truck-parking/louisiana/port-allen/4747-river-road-70767,1,Bobtail / Box Truck,15,,15.00,60.00,150.00
2026-08-08T13:16:19Z,louisiana,port-allen,15815,1956-court-st-70767,https://truckparkingclub.com/truck-parking/louisiana/port-allen/1956-court-st-70767,1,Bobtail / Box Truck,50,,20.00,80.00,200.00
2026-08-08T13:16:19Z,louisiana,port-allen,15817,1467-court-st-70767,https://truckparkingclub.com/truck-parking/louisiana/port-allen/1467-court-st-70767,1,Truck + Trailer,10,,25.00,100.00,250.00
2026-08-08T14:00:33Z,louisiana,port-allen,15813,4747-river-road-70767,https://truckparkingclub.com/truck-parking/louisiana/port-allen/4747-river-road-70767,1,Bobtail / Box Truck,15,,15.00,60.00,150.00
2026-08-08T14:00:33Z,louisiana,port-allen,15815,1956-court-st-70767,https://truckparkingclub.com/truck-parking/louisiana/port-allen/1956-court-st-70767,1,Bobtail / Box Truck,50,,20.00,80.00,200.00
2026-08-08T14:00:33Z,louisiana,port-allen,15817,1467-court-st-70767,https://truckparkingclub.com/truck-parking/louisiana/port-allen/1467-court-st-70767,1,Truck + Trailer,10,,25.00,100.00,250.00
2026-08-08T14:52:55Z,louisiana,port-allen,15813,4747-river-road-70767,https://truckparkingclub.com/truck-parking/louisiana/port-allen/4747-river-road-70767,1,Bobtail / Box Truck,15,,15.00,60.00,150.00
2026-08-08T14:52:55Z,louisiana,port-allen,15815,1956-court-st-70767,https://truckparkingclub.com/truck-parking/louisiana/port-allen/1956-court-st-70767,1,Bobtail / Box Truck,50,,20.00,80.00,200.00
2026-08-08T14:52:55Z,louisiana,port-allen,15817,1467-court-st-70767,https://truckparkingclub.com/truck-parking/louisiana/port-allen/1467-court-st-70767,1,Truck + Trailer,10,,25.00,100.00,250.00
2026-08-08T15:49:58Z,louisiana,port-allen,15813,4747-river-road-70767,https://truckparkingclub.com/truck-parking/louisiana/port-allen/4747-river-road-70767,1,Bobtail / Box Truck,15,,15.00,60.00,150.00
2026-08-08T15:49:58Z,louisiana,port-allen,15815,1956-court-st-70767,https://truckparkingclub.com/truck-parking/louisiana/port-allen/1956-court-st-70767,1,Bobtail / Box Truck,50,,20.00,80.00,200.00
2026-08-08T15:49:58Z,louisiana,port-allen,15817,1467-court-st-70767,https://truckparkingclub.com/truck-parking/louisiana/port-allen/1467-court-st-70767,1,Truck + Trailer,10,,25.00,100.00,250.00
2026-08-08T16:56:14Z,louisiana,port-allen,15813,4747-river-road-70767,https://truckparkingclub.com/truck-parking/louisiana/port-allen/4747-river-road-70767,1,Bobtail / Box Truck,15,,15.00,60.00,150.00
2026-08-08T16:56:14Z,louisiana,port-allen,15815,1956-court-st-70767,https://truckparkingclub.com/truck-parking/louisiana/port-allen/1956-court-st-70767,1,Bobtail / Box Truck,50,,20.00,80.00,200.00
2026-08-08T16:56:14Z,louisiana,port-allen,15817,1467-court-st-70767,https://truckparkingclub.com/truck-parking/louisiana/port-allen/1467-court-st-70767,1,Truck + Trailer,10,,25.00,100.00,250.00
2026-08-08T17:50:44Z,louisiana,port-allen,15813,4747-river-road-70767,https://truckparkingclub.com/truck-parking/louisiana/port-allen/4747-river-road-70767,1,Bobtail / Box Truck,15,,15.00,60.00,150.00
2026-08-08T17:50:44Z,louisiana,port-allen,15815,1956-court-st-70767,https://truckparkingclub.com/truck-parking/louisiana/port-allen/1956-court-st-70767,1,Bobtail / Box Truck,50,,20.00,80.00,200.00
2026-08-08T17:50:44Z,louisiana,port-allen,15817,1467-court-st-70767,https://truckparkingclub.com/truck-parking/louisiana/port-allen/1467-court-st-70767,1,Truck + Trailer,10,,25.00,100.00,250.00
2026-08-08T19:03:09Z,louisiana,port-allen,15813,4747-river-road-70767,https://truckparkingclub.com/truck-parking/louisiana/port-allen/4747-river-road-70767,1,Bobtail / Box Truck,15,,15.00,60.00,150.00
2026-08-08T19:03:09Z,louisiana,port-allen,15815,1956-court-st-70767,https://truckparkingclub.com/truck-parking/louisiana/port-allen/1956-court-st-70767,1,Bobtail / Box Truck,50,,20.00,80.00,200.00
2026-08-08T19:03:09Z,louisiana,port-allen,15817,1467-court-st-70767,https://truckparkingclub.com/truck-parking/louisiana/port-allen/1467-court-st-70767,1,Truck + Trailer,10,,25.00,100.00,250.00
2026-08-08T19:47:31Z,louisiana,port-allen,15813,4747-river-road-70767,https://truckparkingclub.com/truck-parking/louisiana/port-allen/4747-river-road-70767,1,Bobtail / Box Truck,15,,15.00,60.00,150.00
2026-08-08T19:47:31Z,louisiana,port-allen,15815,1956-court-st-70767,https://truckparkingclub.com/truck-parking/louisiana/port-allen/1956-court-st-70767,1,Bobtail / Box Truck,50,,20.00,80.00,200.00
2026-08-08T19:47:31Z,louisiana,port-allen,15817,1467-court-st-70767,https://truckparkingclub.com/truck-parking/louisiana/port-allen/1467-court-st-70767,1,Truck + Trailer,10,,25.00,100.00,250.00
2026-08-08T20:52:07Z,louisiana,port-allen,15813,4747-river-road-70767,https://truckparkingclub.com/truck-parking/louisiana/port-allen/4747-river-road-70767,1,Bobtail / Box Truck,15,,15.00,60.00,150.00
2026-08-08T20:52:07Z,louisiana,port-allen,15815,1956-court-st-70767,https://truckparkingclub.com/truck-parking/louisiana/port-allen/1956-court-st-70767,1,Bobtail / Box Truck,50,,20.00,80.00,200.00
2026-08-08T20:52:07Z,louisiana,port-allen,15817,1467-court-st-70767,https://truckparkingclub.com/truck-parking/louisiana/port-allen/1467-court-st-70767,1,Truck + Trailer,10,,25.00,100.00,250.00
2026-08-08T21:49:12Z,louisiana,port-allen,15813,4747-river-road-70767,https://truckparkingclub.com/truck-parking/louisiana/port-allen/4747-river-road-70767,1,Bobtail / Box Truck,15,,15.00,60.00,150.00
2026-08-08T21:49:12Z,louisiana,port-allen,15815,1956-court-st-70767,https://truckparkingclub.com/truck-parking/louisiana/port-allen/1956-court-st-70767,1,Bobtail / Box Truck,50,,20.00,80.00,200.00
2026-08-08T21:49:12Z,louisiana,port-allen,15817,1467-court-st-70767,https://truckparkingclub.com/truck-parking/louisiana/port-allen/1467-court-st-70767,1,Truck + Trailer,10,,25.00,100.00,250.00
2026-08-08T22:50:47Z,louisiana,port-allen,15813,4747-river-road-70767,https://truckparkingclub.com/truck-parking/louisiana/port-allen/4747-river-road-70767,1,Bobtail / Box Truck,15,,15.00,60.00,150.00
2026-08-08T22:50:47Z,louisiana,port-allen,15815,1956-court-st-70767,https://truckparkingclub.com/truck-parking/louisiana/port-allen/1956-court-st-70767,1,Bobtail / Box Truck,50,,20.00,80.00,200.00
2026-08-08T22:50:47Z,louisiana,port-allen,15817,1467-court-st-70767,https://truckparkingclub.com/truck-parking/louisiana/port-allen/1467-court-st-70767,1,Truck + Trailer,10,,25.00,100.00,250.00
2026-08-08T23:48:23Z,louisiana,port-allen,15813,4747-river-road-70767,https://truckparkingclub.com/truck-parking/louisiana/port-allen/4747-river-road-70767,1,Bobtail / Box Truck,15,,15.00,60.00,150.00
2026-08-08T23:48:23Z,louisiana,port-allen,15815,1956-court-st-70767,https://truckparkingclub.com/truck-parking/louisiana/port-allen/1956-court-st-70767,1,Bobtail / Box Truck,50,,20.00,80.00,200.00
2026-08-08T23:48:23Z,louisiana,port-allen,15817,1467-court-st-70767,https://truckparkingclub.com/truck-parking/louisiana/port-allen/1467-court-st-70767,1,Truck + Trailer,10,,25.00,100.00,250.00
2026-08-09T02:31:58Z,louisiana,port-allen,15813,4747-river-road-70767,https://truckparkingclub.com/truck-parking/louisiana/port-allen/4747-river-road-70767,1,Bobtail / Box Truck,15,,15.00,60.00,150.00
2026-08-09T02:31:58Z,louisiana,port-allen,15815,1956-court-st-70767,https://truckparkingclub.com/truck-parking/louisiana/port-allen/1956-court-st-70767,1,Bobtail / Box Truck,50,,20.00,80.00,200.00
2026-08-09T02:31:58Z,louisiana,port-allen,15817,1467-court-st-70767,https://truckparkingclub.com/truck-parking/louisiana/port-allen/1467-court-st-70767,1,Truck + Trailer,10,,25.00,100.00,250.00
2026-08-09T04:40:05Z,louisiana,port-allen,15813,4747-river-road-70767,https://truckparkingclub.com/truck-parking/louisiana/port-allen/4747-river-road-70767,1,Bobtail / Box Truck,15,,15.00,60.00,150.00
2026-08-09T04:40:05Z,louisiana,port-allen,15815,1956-court-st-70767,https://truckparkingclub.com/truck-parking/louisiana/port-allen/1956-court-st-70767,1,Bobtail / Box Truck,50,,20.00,80.00,200.00
2026-08-09T04:40:05Z,louisiana,port-allen,15817,1467-court-st-70767,https://truckparkingclub.com/truck-parking/louisiana/port-allen/1467-court-st-70767,1,Truck + Trailer,10,,25.00,100.00,250.00
2026-08-09T06:02:29Z,louisiana,port-allen,15813,4747-river-road-70767,https://truckparkingclub.com/truck-parking/louisiana/port-allen/4747-river-road-70767,1,Bobtail / Box Truck,15,,15.00,60.00,150.00
2026-08-09T06:02:29Z,louisiana,port-allen,15815,1956-court-st-70767,https://truckparkingclub.com/truck-parking/louisiana/port-allen/1956-court-st-70767,1,Bobtail / Box Truck,50,,20.00,80.00,200.00
2026-08-09T06:02:29Z,louisiana,port-allen,15817,1467-court-st-70767,https://truckparkingclub.com/truck-parking/louisiana/port-allen/1467-court-st-70767,1,Truck + Trailer,10,,25.00,100.00,250.00
2026-08-09T07:26:46Z,louisiana,port-allen,15813,4747-river-road-70767,https://truckparkingclub.com/truck-parking/louisiana/port-allen/4747-river-road-70767,1,Bobtail / Box Truck,15,,15.00,60.00,150.00
2026-08-09T07:26:46Z,louisiana,port-allen,15815,1956-court-st-70767,https://truckparkingclub.com/truck-parking/louisiana/port-allen/1956-court-st-70767,1,Bobtail / Box Truck,50,,20.00,80.00,200.00
2026-08-09T07:26:46Z,louisiana,port-allen,15817,1467-court-st-70767,https://truckparkingclub.com/truck-parking/louisiana/port-allen/1467-court-st-70767,1,Truck + Trailer,10,,25.00,100.00,250.00
2026-08-09T09:05:50Z,louisiana,port-allen,15813,4747-river-road-70767,https://truckparkingclub.com/truck-parking/louisiana/port-allen/4747-river-road-70767,1,Bobtail / Box Truck,15,,15.00,60.00,150.00
2026-08-09T09:05:50Z,louisiana,port-allen,15815,1956-court-st-70767,https://truckparkingclub.com/truck-parking/louisiana/port-allen/1956-court-st-70767,1,Bobtail / Box Truck,50,,20.00,80.00,200.00
2026-08-09T09:05:50Z,louisiana,port-allen,15817,1467-court-st-70767,https://truckparkingclub.com/truck-parking/louisiana/port-allen/1467-court-st-70767,1,Truck + Trailer,10,,25.00,100.00,250.00
2026-08-09T09:59:42Z,louisiana,port-allen,15813,4747-river-road-70767,https://truckparkingclub.com/truck-parking/louisiana/port-allen/4747-river-road-70767,1,Bobtail / Box Truck,15,,15.00,60.00,150.00
2026-08-09T09:59:42Z,louisiana,port-allen,15815,1956-court-st-70767,https://truckparkingclub.com/truck-parking/louisiana/port-allen/1956-court-st-70767,1,Bobtail / Box Truck,50,,20.00,80.00,200.00
2026-08-09T09:59:42Z,louisiana,port-allen,15817,1467-court-st-70767,https://truckparkingclub.com/truck-parking/louisiana/port-allen/1467-court-st-70767,1,Truck + Trailer,10,,25.00,100.00,250.00
2026-08-09T10:55:43Z,louisiana,port-allen,15813,4747-river-road-70767,https://truckparkingclub.com/truck-parking/louisiana/port-allen/4747-river-road-70767,1,Bobtail / Box Truck,15,,15.00,60.00,150.00
2026-08-09T10:55:43Z,louisiana,port-allen,15815,1956-court-st-70767,https://truckparkingclub.com/truck-parking/louisiana/port-allen/1956-court-st-70767,1,Bobtail / Box Truck,50,,20.00,80.00,200.00
2026-08-09T10:55:43Z,louisiana,port-allen,15817,1467-court-st-70767,https://truckparkingclub.com/truck-parking/louisiana/port-allen/1467-court-st-70767,1,Truck + Trailer,10,,25.00,100.00,250.00
2026-08-09T11:49:33Z,louisiana,port-allen,15813,4747-river-road-70767,https://truckparkingclub.com/truck-parking/louisiana/port-allen/4747-river-road-70767,1,Bobtail / Box Truck,15,,15.00,60.00,150.00
2026-08-09T11:49:33Z,louisiana,port-allen,15815,1956-court-st-70767,https://truckparkingclub.com/truck-parking/louisiana/port-allen/1956-court-st-70767,1,Bobtail / Box Truck,50,,20.00,80.00,200.00
2026-08-09T11:49:33Z,louisiana,port-allen,15817,1467-court-st-70767,https://truckparkingclub.com/truck-parking/louisiana/port-allen/1467-court-st-70767,1,Truck + Trailer,10,,25.00,100.00,250.00
2026-08-09T13:23:55Z,louisiana,port-allen,15813,4747-river-road-70767,https://truckparkingclub.com/truck-parking/louisiana/port-allen/4747-river-road-70767,1,Bobtail / Box Truck,15,,15.00,60.00,150.00
2026-08-09T13:23:55Z,louisiana,port-allen,15815,1956-court-st-70767,https://truckparkingclub.com/truck-parking/louisiana/port-allen/1956-court-st-70767,1,Bobtail / Box Truck,50,,20.00,80.00,200.00
2026-08-09T13:23:55Z,louisiana,port-allen,15817,1467-court-st-70767,https://truckparkingclub.com/truck-parking/louisiana/port-allen/1467-court-st-70767,1,Truck + Trailer,10,,25.00,100.00,250.00
2026-08-09T14:55:45Z,louisiana,port-allen,15813,4747-river-road-70767,https://truckparkingclub.com/truck-parking/louisiana/port-allen/4747-river-road-70767,1,Bobtail / Box Truck,15,,15.00,60.00,150.00
2026-08-09T14:55:45Z,louisiana,port-allen,15815,1956-court-st-70767,https://truckparkingclub.com/truck-parking/louisiana/port-allen/1956-court-st-70767,1,Bobtail / Box Truck,50,,20.00,80.00,200.00
2026-08-09T14:55:45Z,louisiana,port-allen,15817,1467-court-st-70767,https://truckparkingclub.com/truck-parking/louisiana/port-allen/1467-court-st-70767,1,Truck + Trailer,10,,25.00,100.00,250.00
2026-08-09T15:51:38Z,louisiana,port-allen,15813,4747-river-road-70767,https://truckparkingclub.com/truck-parking/louisiana/port-allen/4747-river-road-70767,1,Bobtail / Box Truck,15,,15.00,60.00,150.00
2026-08-09T15:51:38Z,louisiana,port-allen,15815,1956-court-st-70767,https://truckparkingclub.com/truck-parking/louisiana/port-allen/1956-court-st-70767,1,Bobtail / Box Truck,50,,20.00,80.00,200.00
2026-08-09T15:51:38Z,louisiana,port-allen,15817,1467-court-st-70767,https://truckparkingclub.com/truck-parking/louisiana/port-allen/1467-court-st-70767,1,Truck + Trailer,10,,25.00,100.00,250.00
2026-08-09T16:58:49Z,louisiana,port-allen,15813,4747-river-road-70767,https://truckparkingclub.com/truck-parking/louisiana/port-allen/4747-river-road-70767,1,Bobtail / Box Truck,15,,15.00,60.00,150.00
2026-08-09T16:58:49Z,louisiana,port-allen,15815,1956-court-st-70767,https://truckparkingclub.com/truck-parking/louisiana/port-allen/1956-court-st-70767,1,Bobtail / Box Truck,50,,20.00,80.00,200.00
2026-08-09T16:58:49Z,louisiana,port-allen,15817,1467-court-st-70767,https://truckparkingclub.com/truck-parking/louisiana/port-allen/1467-court-st-70767,1,Truck + Trailer,10,,25.00,100.00,250.00
2026-08-09T17:51:20Z,louisiana,port-allen,15813,4747-river-road-70767,https://truckparkingclub.com/truck-parking/louisiana/port-allen/4747-river-road-70767,1,Bobtail / Box Truck,15,,15.00,60.00,150.00
2026-08-09T17:51:20Z,louisiana,port-allen,15815,1956-court-st-70767,https://truckparkingclub.com/truck-parking/louisiana/port-allen/1956-court-st-70767,1,Bobtail / Box Truck,50,,20.00,80.00,200.00
2026-08-09T17:51:20Z,louisiana,port-allen,15817,1467-court-st-70767,https://truckparkingclub.com/truck-parking/louisiana/port-allen/1467-court-st-70767,1,Truck + Trailer,10,,25.00,100.00,250.00
2026-08-09T19:05:43Z,louisiana,port-allen,15813,4747-river-road-70767,https://truckparkingclub.com/truck-parking/louisiana/port-allen/4747-river-road-70767,1,Bobtail / Box Truck,15,,15.00,60.00,150.00
2026-08-09T19:05:43Z,louisiana,port-allen,15815,1956-court-st-70767,https://truckparkingclub.com/truck-parking/louisiana/port-allen/1956-court-st-70767,1,Bobtail / Box Truck,50,,20.00,80.00,200.00
2026-08-09T19:05:43Z,louisiana,port-allen,15817,1467-court-st-70767,https://truckparkingclub.com/truck-parking/louisiana/port-allen/1467-court-st-70767,1,Truck + Trailer,10,,25.00,100.00,250.00
2026-08-09T19:51:39Z,louisiana,port-allen,15813,4747-river-road-70767,https://truckparkingclub.com/truck-parking/louisiana/port-allen/4747-river-road-70767,1,Bobtail / Box Truck,15,,15.00,60.00,150.00
2026-08-09T19:51:39Z,louisiana,port-allen,15815,1956-court-st-70767,https://truckparkingclub.com/truck-parking/louisiana/port-allen/1956-court-st-70767,1,Bobtail / Box Truck,50,,20.00,80.00,200.00
2026-08-09T19:51:39Z,louisiana,port-allen,15817,1467-court-st-70767,https://truckparkingclub.com/truck-parking/louisiana/port-allen/1467-court-st-70767,1,Truck + Trailer,10,,25.00,100.00,250.00
2026-08-09T20:55:24Z,louisiana,port-allen,15813,4747-river-road-70767,https://truckparkingclub.com/truck-parking/louisiana/port-allen/4747-river-road-70767,1,Bobtail / Box Truck,15,,15.00,60.00,150.00
2026-08-09T20:55:24Z,louisiana,port-allen,15815,1956-court-st-70767,https://truckparkingclub.com/truck-parking/louisiana/port-allen/1956-court-st-70767,1,Bobtail / Box Truck,50,,20.00,80.00,200.00
2026-08-09T20:55:24Z,louisiana,port-allen,15817,1467-court-st-70767,https://truckparkingclub.com/truck-parking/louisiana/port-allen/1467-court-st-70767,1,Truck + Trailer,10,,25.00,100.00,250.00
2026-08-09T21:51:46Z,louisiana,port-allen,15813,4747-river-road-70767,https://truckparkingclub.com/truck-parking/louisiana/port-allen/4747-river-road-70767,1,Bobtail / Box Truck,15,,15.00,60.00,150.00
2026-08-09T21:51:46Z,louisiana,port-allen,15815,1956-court-st-70767,https://truckparkingclub.com/truck-parking/louisiana/port-allen/1956-court-st-70767,1,Bobtail / Box Truck,50,,20.00,80.00,200.00
2026-08-09T21:51:46Z,louisiana,port-allen,15817,1467-court-st-70767,https://truckparkingclub.com/truck-parking/louisiana/port-allen/1467-court-st-70767,1,Truck + Trailer,10,,25.00,100.00,250.00
2026-08-09T22:53:30Z,louisiana,port-allen,15813,4747-river-road-70767,https://truckparkingclub.com/truck-parking/louisiana/port-allen/4747-river-road-70767,1,Bobtail / Box Truck,15,,15.00,60.00,150.00
2026-08-09T22:53:30Z,louisiana,port-allen,15815,1956-court-st-70767,https://truckparkingclub.com/truck-parking/louisiana/port-allen/1956-court-st-70767,1,Bobtail / Box Truck,50,,20.00,80.00,200.00
2026-08-09T22:53:30Z,louisiana,port-allen,15817,1467-court-st-70767,https://truckparkingclub.com/truck-parking/louisiana/port-allen/1467-court-st-70767,1,Truck + Trailer,10,,25.00,100.00,250.00
2026-08-09T23:51:10Z,louisiana,port-allen,15813,4747-river-road-70767,https://truckparkingclub.com/truck-parking/louisiana/port-allen/4747-river-road-70767,1,Bobtail / Box Truck,15,,15.00,60.00,150.00
2026-08-09T23:51:10Z,louisiana,port-allen,15815,1956-court-st-70767,https://truckparkingclub.com/truck-parking/louisiana/port-allen/1956-court-st-70767,1,Bobtail / Box Truck,50,,20.00,80.00,200.00
2026-08-09T23:51:10Z,louisiana,port-allen,15817,1467-court-st-70767,https://truckparkingclub.com/truck-parking/louisiana/port-allen/1467-court-st-70767,1,Truck + Trailer,10,,25.00,100.00,250.00
2026-08-10T02:37:56Z,louisiana,port-allen,15813,4747-river-road-70767,https://truckparkingclub.com/truck-parking/louisiana/port-allen/4747-river-road-70767,1,Bobtail / Box Truck,15,,15.00,60.00,150.00
2026-08-10T02:37:56Z,louisiana,port-allen,15815,1956-court-st-70767,https://truckparkingclub.com/truck-parking/louisiana/port-allen/1956-court-st-70767,1,Bobtail / Box Truck,50,,20.00,80.00,200.00
2026-08-10T02:37:56Z,louisiana,port-allen,15817,1467-court-st-70767,https://truckparkingclub.com/truck-parking/louisiana/port-allen/1467-court-st-70767,1,Truck + Trailer,10,,25.00,100.00,250.00
2026-08-10T04:58:11Z,louisiana,port-allen,15813,4747-river-road-70767,https://truckparkingclub.com/truck-parking/louisiana/port-allen/4747-river-road-70767,1,Bobtail / Box Truck,15,,15.00,60.00,150.00
2026-08-10T04:58:11Z,louisiana,port-allen,15815,1956-court-st-70767,https://truckparkingclub.com/truck-parking/louisiana/port-allen/1956-court-st-70767,1,Bobtail / Box Truck,50,,20.00,80.00,200.00
2026-08-10T04:58:11Z,louisiana,port-allen,15817,1467-court-st-70767,https://truckparkingclub.com/truck-parking/louisiana/port-allen/1467-court-st-70767,1,Truck + Trailer,10,,25.00,100.00,250.00
2026-08-10T06:45:33Z,louisiana,port-allen,15813,4747-river-road-70767,https://truckparkingclub.com/truck-parking/louisiana/port-allen/4747-river-road-70767,1,Bobtail / Box Truck,15,,15.00,60.00,150.00
2026-08-10T06:45:33Z,louisiana,port-allen,15815,1956-court-st-70767,https://truckparkingclub.com/truck-parking/louisiana/port-allen/1956-court-st-70767,1,Bobtail / Box Truck,50,,20.00,80.00,200.00
2026-08-10T06:45:33Z,louisiana,port-allen,15817,1467-court-st-70767,https://truckparkingclub.com/truck-parking/louisiana/port-allen/1467-court-st-70767,1,Truck + Trailer,10,,25.00,100.00,250.00
2026-08-10T08:53:21Z,louisiana,port-allen,15813,4747-river-road-70767,https://truckparkingclub.com/truck-parking/louisiana/port-allen/4747-river-road-70767,1,Bobtail / Box Truck,15,,15.00,60.00,150.00
2026-08-10T08:53:21Z,louisiana,port-allen,15815,1956-court-st-70767,https://truckparkingclub.com/truck-parking/louisiana/port-allen/1956-court-st-70767,1,Bobtail / Box Truck,50,,20.00,80.00,200.00
2026-08-10T08:53:21Z,louisiana,port-allen,15817,1467-court-st-70767,https://truckparkingclub.com/truck-parking/louisiana/port-allen/1467-court-st-70767,1,Truck + Trailer,10,,25.00,100.00,250.00
2026-08-10T10:38:47Z,louisiana,port-allen,15813,4747-river-road-70767,https://truckparkingclub.com/truck-parking/louisiana/port-allen/4747-river-road-70767,1,Bobtail / Box Truck,15,,15.00,60.00,150.00
2026-08-10T10:38:47Z,louisiana,port-allen,15815,1956-court-st-70767,https://truckparkingclub.com/truck-parking/louisiana/port-allen/1956-court-st-70767,1,Bobtail / Box Truck,50,,20.00,80.00,200.00
2026-08-10T10:38:47Z,louisiana,port-allen,15817,1467-court-st-70767,https://truckparkingclub.com/truck-parking/louisiana/port-allen/1467-court-st-70767,1,Truck + Trailer,10,,25.00,100.00,250.00
2026-08-10T12:03:12Z,louisiana,port-allen,15813,4747-river-road-70767,https://truckparkingclub.com/truck-parking/louisiana/port-allen/4747-river-road-70767,1,Bobtail / Box Truck,15,,15.00,60.00,150.00
2026-08-10T12:03:12Z,louisiana,port-allen,15815,1956-court-st-70767,https://truckparkingclub.com/truck-parking/louisiana/port-allen/1956-court-st-70767,1,Bobtail / Box Truck,50,,20.00,80.00,200.00
2026-08-10T12:03:12Z,louisiana,port-allen,15817,1467-court-st-70767,https://truckparkingclub.com/truck-parking/louisiana/port-allen/1467-court-st-70767,1,Truck + Trailer,10,,25.00,100.00,250.00
2026-08-10T13:48:46Z,louisiana,port-allen,15813,4747-river-road-70767,https://truckparkingclub.com/truck-parking/louisiana/port-allen/4747-river-road-70767,1,Bobtail / Box Truck,15,,15.00,60.00,150.00
2026-08-10T13:48:46Z,louisiana,port-allen,15815,1956-court-st-70767,https://truckparkingclub.com/truck-parking/louisiana/port-allen/1956-court-st-70767,1,Bobtail / Box Truck,50,,20.00,80.00,200.00
2026-08-10T13:48:46Z,louisiana,port-allen,15817,1467-court-st-70767,https://truckparkingclub.com/truck-parking/louisiana/port-allen/1467-court-st-70767,1,Truck + Trailer,10,,25.00,100.00,250.00
2026-08-10T15:26:39Z,louisiana,port-allen,15813,4747-river-road-70767,https://truckparkingclub.com/truck-parking/louisiana/port-allen/4747-river-road-70767,1,Bobtail / Box Truck,15,,15.00,60.00,150.00
2026-08-10T15:26:39Z,louisiana,port-allen,15815,1956-court-st-70767,https://truckparkingclub.com/truck-parking/louisiana/port-allen/1956-court-st-70767,1,Bobtail / Box Truck,50,,20.00,80.00,200.00
2026-08-10T15:26:39Z,louisiana,port-allen,15817,1467-court-st-70767,https://truckparkingclub.com/truck-parking/louisiana/port-allen/1467-court-st-70767,1,Truck + Trailer,10,,25.00,100.00,250.00
2026-08-10T17:12:58Z,louisiana,port-allen,15813,4747-river-road-70767,https://truckparkingclub.com/truck-parking/louisiana/port-allen/4747-river-road-70767,1,Bobtail / Box Truck,15,,15.00,60.00,150.00
2026-08-10T17:12:58Z,louisiana,port-allen,15815,1956-court-st-70767,https://truckparkingclub.com/truck-parking/louisiana/port-allen/1956-court-st-70767,1,Bobtail / Box Truck,50,,20.00,80.00,200.00
2026-08-10T17:12:58Z,louisiana,port-allen,15817,1467-court-st-70767,https://truckparkingclub.com/truck-parking/louisiana/port-allen/1467-court-st-70767,1,Truck + Trailer,10,,25.00,100.00,250.00
2026-08-10T18:06:37Z,louisiana,port-allen,15813,4747-river-road-70767,https://truckparkingclub.com/truck-parking/louisiana/port-allen/4747-river-road-70767,1,Bobtail / Box Truck,15,,15.00,60.00,150.00
2026-08-10T18:06:37Z,louisiana,port-allen,15815,1956-court-st-70767,https://truckparkingclub.com/truck-parking/louisiana/port-allen/1956-court-st-70767,1,Bobtail / Box Truck,50,,20.00,80.00,200.00
2026-08-10T18:06:37Z,louisiana,port-allen,15817,1467-court-st-70767,https://truckparkingclub.com/truck-parking/louisiana/port-allen/1467-court-st-70767,1,Truck + Trailer,10,,25.00,100.00,250.00
2026-08-10T19:25:04Z,louisiana,port-allen,15813,4747-river-road-70767,https://truckparkingclub.com/truck-parking/louisiana/port-allen/4747-river-road-70767,1,Bobtail / Box Truck,15,,15.00,60.00,150.00
2026-08-10T19:25:04Z,louisiana,port-allen,15815,1956-court-st-70767,https://truckparkingclub.com/truck-parking/louisiana/port-allen/1956-court-st-70767,1,Bobtail / Box Truck,50,,20.00,80.00,200.00
2026-08-10T19:25:04Z,louisiana,port-allen,15817,1467-court-st-70767,https://truckparkingclub.com/truck-parking/louisiana/port-allen/1467-court-st-70767,1,Truck + Trailer,10,,25.00,100.00,250.00
2026-08-10T21:05:05Z,louisiana,port-allen,15813,4747-river-road-70767,https://truckparkingclub.com/truck-parking/louisiana/port-allen/4747-river-road-70767,1,Bobtail / Box Truck,15,,15.00,60.00,150.00
2026-08-10T21:05:05Z,louisiana,port-allen,15815,1956-court-st-70767,https://truckparkingclub.com/truck-parking/louisiana/port-allen/1956-court-st-70767,1,Bobtail / Box Truck,50,,20.00,80.00,200.00
2026-08-10T21:05:05Z,louisiana,port-allen,15817,1467-court-st-70767,https://truckparkingclub.com/truck-parking/louisiana/port-allen/1467-court-st-70767,1,Truck + Trailer,10,,25.00,100.00,250.00
2026-08-10T22:01:08Z,louisiana,port-allen,15813,4747-river-road-70767,https://truckparkingclub.com/truck-parking/louisiana/port-allen/4747-river-road-70767,1,Bobtail / Box Truck,15,,15.00,60.00,150.00
2026-08-10T22:01:08Z,louisiana,port-allen,15815,1956-court-st-70767,https://truckparkingclub.com/truck-parking/louisiana/port-allen/1956-court-st-70767,1,Bobtail / Box Truck,50,,20.00,80.00,200.00
2026-08-10T22:01:08Z,louisiana,port-allen,15817,1467-court-st-70767,https://truckparkingclub.com/truck-parking/louisiana/port-allen/1467-court-st-70767,1,Truck + Trailer,10,,25.00,100.00,250.00
2026-08-10T22:59:25Z,louisiana,port-allen,15813,4747-river-road-70767,https://truckparkingclub.com/truck-parking/louisiana/port-allen/4747-river-road-70767,1,Bobtail / Box Truck,15,,15.00,60.00,150.00
2026-08-10T22:59:25Z,louisiana,port-allen,15815,1956-court-st-70767,https://truckparkingclub.com/truck-parking/louisiana/port-allen/1956-court-st-70767,1,Bobtail / Box Truck,50,,20.00,80.00,200.00
2026-08-10T22:59:25Z,louisiana,port-allen,15817,1467-court-st-70767,https://truckparkingclub.com/truck-parking/louisiana/port-allen/1467-court-st-70767,1,Truck + Trailer,10,,25.00,100.00,250.00
2026-08-10T23:53:31Z,louisiana,port-allen,15813,4747-river-road-70767,https://truckparkingclub.com/truck-parking/louisiana/port-allen/4747-river-road-70767,1,Bobtail / Box Truck,15,,15.00,60.00,150.00
2026-08-10T23:53:31Z,louisiana,port-allen,15815,1956-court-st-70767,https://truckparkingclub.com/truck-parking/louisiana/port-allen/1956-court-st-70767,1,Bobtail / Box Truck,50,,20.00,80.00,200.00
2026-08-10T23:53:31Z,louisiana,port-allen,15817,1467-court-st-70767,https://truckparkingclub.com/truck-parking/louisiana/port-allen/1467-court-st-70767,1,Truck + Trailer,10,,25.00,100.00,250.00
2026-08-11T02:31:01Z,louisiana,port-allen,15813,4747-river-road-70767,https://truckparkingclub.com/truck-parking/louisiana/port-allen/4747-river-road-70767,1,Bobtail / Box Truck,15,,15.00,60.00,150.00
2026-08-11T02:31:01Z,louisiana,port-allen,15815,1956-court-st-70767,https://truckparkingclub.com/truck-parking/louisiana/port-allen/1956-court-st-70767,1,Bobtail / Box Truck,50,,20.00,80.00,200.00
2026-08-11T02:31:01Z,louisiana,port-allen,15817,1467-court-st-70767,https://truckparkingclub.com/truck-parking/louisiana/port-allen/1467-court-st-70767,1,Truck + Trailer,10,,25.00,100.00,250.00
2026-08-11T04:43:51Z,louisiana,port-allen,15813,4747-river-road-70767,https://truckparkingclub.com/truck-parking/louisiana/port-allen/4747-river-road-70767,1,Bobtail / Box Truck,15,,15.00,60.00,150.00
2026-08-11T04:43:51Z,louisiana,port-allen,15815,1956-court-st-70767,https://truckparkingclub.com/truck-parking/louisiana/port-allen/1956-court-st-70767,1,Bobtail / Box Truck,50,,20.00,80.00,200.00
2026-08-11T04:43:51Z,louisiana,port-allen,15817,1467-court-st-70767,https://truckparkingclub.com/truck-parking/louisiana/port-allen/1467-court-st-70767,1,Truck + Trailer,10,,25.00,100.00,250.00
2026-08-11T06:08:17Z,louisiana,port-allen,15813,4747-river-road-70767,https://truckparkingclub.com/truck-parking/louisiana/port-allen/4747-river-road-70767,1,Bobtail / Box Truck,15,,15.00,60.00,150.00
2026-08-11T06:08:17Z,louisiana,port-allen,15815,1956-court-st-70767,https://truckparkingclub.com/truck-parking/louisiana/port-allen/1956-court-st-70767,1,Bobtail / Box Truck,50,,20.00,80.00,200.00
2026-08-11T06:08:17Z,louisiana,port-allen,15817,1467-court-st-70767,https://truckparkingclub.com/truck-parking/louisiana/port-allen/1467-court-st-70767,1,Truck + Trailer,10,,25.00,100.00,250.00
2026-08-11T07:41:27Z,louisiana,port-allen,15813,4747-river-road-70767,https://truckparkingclub.com/truck-parking/louisiana/port-allen/4747-river-road-70767,1,Bobtail / Box Truck,15,,15.00,60.00,150.00
2026-08-11T07:41:27Z,louisiana,port-allen,15815,1956-court-st-70767,https://truckparkingclub.com/truck-parking/louisiana/port-allen/1956-court-st-70767,1,Bobtail / Box Truck,50,,20.00,80.00,200.00
2026-08-11T07:41:27Z,louisiana,port-allen,15817,1467-court-st-70767,https://truckparkingclub.com/truck-parking/louisiana/port-allen/1467-court-st-70767,1,Truck + Trailer,10,,25.00,100.00,250.00
2026-08-11T09:17:05Z,louisiana,port-allen,15813,4747-river-road-70767,https://truckparkingclub.com/truck-parking/louisiana/port-allen/4747-river-road-70767,1,Bobtail / Box Truck,15,,15.00,60.00,150.00
2026-08-11T09:17:05Z,louisiana,port-allen,15815,1956-court-st-70767,https://truckparkingclub.com/truck-parking/louisiana/port-allen/1956-court-st-70767,1,Bobtail / Box Truck,50,,20.00,80.00,200.00
2026-08-11T09:17:05Z,louisiana,port-allen,15817,1467-court-st-70767,https://truckparkingclub.com/truck-parking/louisiana/port-allen/1467-court-st-70767,1,Truck + Trailer,10,,25.00,100.00,250.00
2026-08-11T10:14:24Z,louisiana,port-allen,15813,4747-river-road-70767,https://truckparkingclub.com/truck-parking/louisiana/port-allen/4747-river-road-70767,1,Bobtail / Box Truck,15,,15.00,60.00,150.00
2026-08-11T10:14:24Z,louisiana,port-allen,15815,1956-court-st-70767,https://truckparkingclub.com/truck-parking/louisiana/port-allen/1956-court-st-70767,1,Bobtail / Box Truck,50,,20.00,80.00,200.00
2026-08-11T10:14:24Z,louisiana,port-allen,15817,1467-court-st-70767,https://truckparkingclub.com/truck-parking/louisiana/port-allen/1467-court-st-70767,1,Truck + Trailer,10,,25.00,100.00,250.00
2026-08-11T11:08:22Z,louisiana,port-allen,15813,4747-river-road-70767,https://truckparkingclub.com/truck-parking/louisiana/port-allen/4747-river-road-70767,1,Bobtail / Box Truck,15,,15.00,60.00,150.00
2026-08-11T11:08:22Z,louisiana,port-allen,15815,1956-court-st-70767,https://truckparkingclub.com/truck-parking/louisiana/port-allen/1956-court-st-70767,1,Bobtail / Box Truck,50,,20.00,80.00,200.00
2026-08-11T11:08:22Z,louisiana,port-allen,15817,1467-court-st-70767,https://truckparkingclub.com/truck-parking/louisiana/port-allen/1467-court-st-70767,1,Truck + Trailer,10,,25.00,100.00,250.00
2026-08-11T12:01:02Z,louisiana,port-allen,15813,4747-river-road-70767,https://truckparkingclub.com/truck-parking/louisiana/port-allen/4747-river-road-70767,1,Bobtail / Box Truck,15,,15.00,60.00,150.00
2026-08-11T12:01:02Z,louisiana,port-allen,15815,1956-court-st-70767,https://truckparkingclub.com/truck-parking/louisiana/port-allen/1956-court-st-70767,1,Bobtail / Box Truck,50,,20.00,80.00,200.00
2026-08-11T12:01:02Z,louisiana,port-allen,15817,1467-court-st-70767,https://truckparkingclub.com/truck-parking/louisiana/port-allen/1467-court-st-70767,1,Truck + Trailer,10,,25.00,100.00,250.00
2026-08-11T13:46:53Z,louisiana,port-allen,15813,4747-river-road-70767,https://truckparkingclub.com/truck-parking/louisiana/port-allen/4747-river-road-70767,1,Bobtail / Box Truck,15,,15.00,60.00,150.00
2026-08-11T13:46:53Z,louisiana,port-allen,15815,1956-court-st-70767,https://truckparkingclub.com/truck-parking/louisiana/port-allen/1956-court-st-70767,1,Bobtail / Box Truck,50,,20.00,80.00,200.00
2026-08-11T13:46:53Z,louisiana,port-allen,15817,1467-court-st-70767,https://truckparkingclub.com/truck-parking/louisiana/port-allen/1467-court-st-70767,1,Truck + Trailer,10,,25.00,100.00,250.00
2026-08-11T15:25:10Z,louisiana,port-allen,15813,4747-river-road-70767,https://truckparkingclub.com/truck-parking/louisiana/port-allen/4747-river-road-70767,1,Bobtail / Box Truck,15,,15.00,60.00,150.00
2026-08-11T15:25:10Z,louisiana,port-allen,15815,1956-court-st-70767,https://truckparkingclub.com/truck-parking/louisiana/port-allen/1956-court-st-70767,1,Bobtail / Box Truck,50,,20.00,80.00,200.00
2026-08-11T15:25:10Z,louisiana,port-allen,15817,1467-court-st-70767,https://truckparkingclub.com/truck-parking/louisiana/port-allen/1467-court-st-70767,1,Truck + Trailer,10,,25.00,100.00,250.00
2026-08-11T17:15:51Z,louisiana,port-allen,15813,4747-river-road-70767,https://truckparkingclub.com/truck-parking/louisiana/port-allen/4747-river-road-70767,1,Bobtail / Box Truck,15,,15.00,60.00,150.00
2026-08-11T17:15:51Z,louisiana,port-allen,15815,1956-court-st-70767,https://truckparkingclub.com/truck-parking/louisiana/port-allen/1956-court-st-70767,1,Bobtail / Box Truck,50,,20.00,80.00,200.00
2026-08-11T17:15:51Z,louisiana,port-allen,15817,1467-court-st-70767,https://truckparkingclub.com/truck-parking/louisiana/port-allen/1467-court-st-70767,1,Truck + Trailer,10,,25.00,100.00,250.00
2026-08-11T18:10:08Z,louisiana,port-allen,15813,4747-river-road-70767,https://truckparkingclub.com/truck-parking/louisiana/port-allen/4747-river-road-70767,1,Bobtail / Box Truck,15,,15.00,60.00,150.00
2026-08-11T18:10:08Z,louisiana,port-allen,15815,1956-court-st-70767,https://truckparkingclub.com/truck-parking/louisiana/port-allen/1956-court-st-70767,1,Bobtail / Box Truck,50,,20.00,80.00,200.00
2026-08-11T18:10:08Z,louisiana,port-allen,15817,1467-court-st-70767,https://truckparkingclub.com/truck-parking/louisiana/port-allen/1467-court-st-70767,1,Truck + Trailer,10,,25.00,100.00,250.00
2026-08-11T19:29:15Z,louisiana,port-allen,15813,4747-river-road-70767,https://truckparkingclub.com/truck-parking/louisiana/port-allen/4747-river-road-70767,1,Bobtail / Box Truck,15,,15.00,60.00,150.00
2026-08-11T19:29:15Z,louisiana,port-allen,15815,1956-court-st-70767,https://truckparkingclub.com/truck-parking/louisiana/port-allen/1956-court-st-70767,1,Bobtail / Box Truck,50,,20.00,80.00,200.00
2026-08-11T19:29:15Z,louisiana,port-allen,15817,1467-court-st-70767,https://truckparkingclub.com/truck-parking/louisiana/port-allen/1467-court-st-70767,1,Truck + Trailer,10,,25.00,100.00,250.00
2026-08-11T21:07:29Z,louisiana,port-allen,15813,4747-river-road-70767,https://truckparkingclub.com/truck-parking/louisiana/port-allen/4747-river-road-70767,1,Bobtail / Box Truck,15,,15.00,60.00,150.00
2026-08-11T21:07:29Z,louisiana,port-allen,15815,1956-court-st-70767,https://truckparkingclub.com/truck-parking/louisiana/port-allen/1956-court-st-70767,1,Bobtail / Box Truck,50,,20.00,80.00,200.00
2026-08-11T21:07:29Z,louisiana,port-allen,15817,1467-court-st-70767,https://truckparkingclub.com/truck-parking/louisiana/port-allen/1467-court-st-70767,1,Truck + Trailer,9,,25.00,100.00,250.00
2026-08-11T22:08:15Z,louisiana,port-allen,15813,4747-river-road-70767,https://truckparkingclub.com/truck-parking/louisiana/port-allen/4747-river-road-70767,1,Bobtail / Box Truck,15,,15.00,60.00,150.00
2026-08-11T22:08:15Z,louisiana,port-allen,15815,1956-court-st-70767,https://truckparkingclub.com/truck-parking/louisiana/port-allen/1956-court-st-70767,1,Bobtail / Box Truck,50,,20.00,80.00,200.00
2026-08-11T22:08:15Z,louisiana,port-allen,15817,1467-court-st-70767,https://truckparkingclub.com/truck-parking/louisiana/port-allen/1467-court-st-70767,1,Truck + Trailer,9,,25.00,100.00,250.00
2026-08-11T23:07:26Z,louisiana,port-allen,15813,4747-river-road-70767,https://truckparkingclub.com/truck-parking/louisiana/port-allen/4747-river-road-70767,1,Bobtail / Box Truck,15,,15.00,60.00,150.00
2026-08-11T23:07:26Z,louisiana,port-allen,15815,1956-court-st-70767,https://truckparkingclub.com/truck-parking/louisiana/port-allen/1956-court-st-70767,1,Bobtail / Box Truck,50,,20.00,80.00,200.00
2026-08-11T23:07:26Z,louisiana,port-allen,15817,1467-court-st-70767,https://truckparkingclub.com/truck-parking/louisiana/port-allen/1467-court-st-70767,1,Truck + Trailer,9,,25.00,100.00,250.00
2026-08-12T00:02:16Z,louisiana,port-allen,15813,4747-river-road-70767,https://truckparkingclub.com/truck-parking/louisiana/port-allen/4747-river-road-70767,1,Bobtail / Box Truck,15,,15.00,60.00,150.00
2026-08-12T00:02:16Z,louisiana,port-allen,15815,1956-court-st-70767,https://truckparkingclub.com/truck-parking/louisiana/port-allen/1956-court-st-70767,1,Bobtail / Box Truck,50,,20.00,80.00,200.00
2026-08-12T00:02:16Z,louisiana,port-allen,15817,1467-court-st-70767,https://truckparkingclub.com/truck-parking/louisiana/port-allen/1467-court-st-70767,1,Truck + Trailer,9,,25.00,100.00,250.00
2026-08-12T02:59:37Z,louisiana,port-allen,15813,4747-river-road-70767,https://truckparkingclub.com/truck-parking/louisiana/port-allen/4747-river-road-70767,1,Bobtail / Box Truck,15,,15.00,60.00,150.00
2026-08-12T02:59:37Z,louisiana,port-allen,15815,1956-court-st-70767,https://truckparkingclub.com/truck-parking/louisiana/port-allen/1956-court-st-70767,1,Bobtail / Box Truck,50,,20.00,80.00,200.00
2026-08-12T02:59:37Z,louisiana,port-allen,15817,1467-court-st-70767,https://truckparkingclub.com/truck-parking/louisiana/port-allen/1467-court-st-70767,1,Truck + Trailer,9,,25.00,100.00,250.00
2026-08-12T05:08:54Z,louisiana,port-allen,15813,4747-river-road-70767,https://truckparkingclub.com/truck-parking/louisiana/port-allen/4747-river-road-70767,1,Bobtail / Box Truck,15,,15.00,60.00,150.00
2026-08-12T05:08:54Z,louisiana,port-allen,15815,1956-court-st-70767,https://truckparkingclub.com/truck-parking/louisiana/port-allen/1956-court-st-70767,1,Bobtail / Box Truck,50,,20.00,80.00,200.00
2026-08-12T05:08:54Z,louisiana,port-allen,15817,1467-court-st-70767,https://truckparkingclub.com/truck-parking/louisiana/port-allen/1467-court-st-70767,1,Truck + Trailer,9,,25.00,100.00,250.00
2026-08-12T06:46:34Z,louisiana,port-allen,15813,4747-river-road-70767,https://truckparkingclub.com/truck-parking/louisiana/port-allen/4747-river-road-70767,1,Bobtail / Box Truck,15,,15.00,60.00,150.00
2026-08-12T06:46:34Z,louisiana,port-allen,15815,1956-court-st-70767,https://truckparkingclub.com/truck-parking/louisiana/port-allen/1956-court-st-70767,1,Bobtail / Box Truck,50,,20.00,80.00,200.00
2026-08-12T06:46:34Z,louisiana,port-allen,15817,1467-court-st-70767,https://truckparkingclub.com/truck-parking/louisiana/port-allen/1467-court-st-70767,1,Truck + Trailer,9,,25.00,100.00,250.00
2026-08-12T08:41:59Z,louisiana,port-allen,15813,4747-river-road-70767,https://truckparkingclub.com/truck-parking/louisiana/port-allen/4747-river-road-70767,1,Bobtail / Box Truck,15,,15.00,60.00,150.00
2026-08-12T08:41:59Z,louisiana,port-allen,15815,1956-court-st-70767,https://truckparkingclub.com/truck-parking/louisiana/port-allen/1956-court-st-70767,1,Bobtail / Box Truck,50,,20.00,80.00,200.00
2026-08-12T08:41:59Z,louisiana,port-allen,15817,1467-court-st-70767,https://truckparkingclub.com/truck-parking/louisiana/port-allen/1467-court-st-70767,1,Truck + Trailer,9,,25.00,100.00,250.00
2026-08-12T10:29:29Z,louisiana,port-allen,15813,4747-river-road-70767,https://truckparkingclub.com/truck-parking/louisiana/port-allen/4747-river-road-70767,1,Bobtail / Box Truck,15,,15.00,60.00,150.00
2026-08-12T10:29:29Z,louisiana,port-allen,15815,1956-court-st-70767,https://truckparkingclub.com/truck-parking/louisiana/port-allen/1956-court-st-70767,1,Bobtail / Box Truck,50,,20.00,80.00,200.00
2026-08-12T10:29:29Z,louisiana,port-allen,15817,1467-court-st-70767,https://truckparkingclub.com/truck-parking/louisiana/port-allen/1467-court-st-70767,1,Truck + Trailer,9,,25.00,100.00,250.00
2026-08-12T12:02:19Z,louisiana,port-allen,15813,4747-river-road-70767,https://truckparkingclub.com/truck-parking/louisiana/port-allen/4747-river-road-70767,1,Bobtail / Box Truck,15,,15.00,60.00,150.00
2026-08-12T12:02:19Z,louisiana,port-allen,15815,1956-court-st-70767,https://truckparkingclub.com/truck-parking/louisiana/port-allen/1956-court-st-70767,1,Bobtail / Box Truck,50,,20.00,80.00,200.00
2026-08-12T12:02:19Z,louisiana,port-allen,15817,1467-court-st-70767,https://truckparkingclub.com/truck-parking/louisiana/port-allen/1467-court-st-70767,1,Truck + Trailer,9,,25.00,100.00,250.00
2026-08-12T13:52:23Z,louisiana,port-allen,15813,4747-river-road-70767,https://truckparkingclub.com/truck-parking/louisiana/port-allen/4747-river-road-70767,1,Bobtail / Box Truck,15,,15.00,60.00,150.00
2026-08-12T13:52:23Z,louisiana,port-allen,15815,1956-court-st-70767,https://truckparkingclub.com/truck-parking/louisiana/port-allen/1956-court-st-70767,1,Bobtail / Box Truck,50,,20.00,80.00,200.00
2026-08-12T13:52:23Z,louisiana,port-allen,15817,1467-court-st-70767,https://truckparkingclub.com/truck-parking/louisiana/port-allen/1467-court-st-70767,1,Truck + Trailer,9,,25.00,100.00,250.00
2026-08-12T15:17:44Z,louisiana,port-allen,15813,4747-river-road-70767,https://truckparkingclub.com/truck-parking/louisiana/port-allen/4747-river-road-70767,1,Bobtail / Box Truck,15,,15.00,60.00,150.00
2026-08-12T15:17:44Z,louisiana,port-allen,15815,1956-court-st-70767,https://truckparkingclub.com/truck-parking/louisiana/port-allen/1956-court-st-70767,1,Bobtail / Box Truck,50,,20.00,80.00,200.00
2026-08-12T15:17:44Z,louisiana,port-allen,15817,1467-court-st-70767,https://truckparkingclub.com/truck-parking/louisiana/port-allen/1467-court-st-70767,1,Truck + Trailer,9,,25.00,100.00,250.00
2026-08-12T16:12:48Z,louisiana,port-allen,15813,4747-river-road-70767,https://truckparkingclub.com/truck-parking/louisiana/port-allen/4747-river-road-70767,1,Bobtail / Box Truck,15,,15.00,60.00,150.00
2026-08-12T16:12:48Z,louisiana,port-allen,15815,1956-court-st-70767,https://truckparkingclub.com/truck-parking/louisiana/port-allen/1956-court-st-70767,1,Bobtail / Box Truck,50,,20.00,80.00,200.00
2026-08-12T16:12:48Z,louisiana,port-allen,15817,1467-court-st-70767,https://truckparkingclub.com/truck-parking/louisiana/port-allen/1467-court-st-70767,1,Truck + Trailer,9,,25.00,100.00,250.00
2026-08-12T17:16:29Z,louisiana,port-allen,15813,4747-river-road-70767,https://truckparkingclub.com/truck-parking/louisiana/port-allen/4747-river-road-70767,1,Bobtail / Box Truck,15,,15.00,60.00,150.00
2026-08-12T17:16:29Z,louisiana,port-allen,15815,1956-court-st-70767,https://truckparkingclub.com/truck-parking/louisiana/port-allen/1956-court-st-70767,1,Bobtail / Box Truck,50,,20.00,80.00,200.00
2026-08-12T17:16:29Z,louisiana,port-allen,15817,1467-court-st-70767,https://truckparkingclub.com/truck-parking/louisiana/port-allen/1467-court-st-70767,1,Truck + Trailer,9,,25.00,100.00,250.00
2026-08-12T18:10:17Z,louisiana,port-allen,15813,4747-river-road-70767,https://truckparkingclub.com/truck-parking/louisiana/port-allen/4747-river-road-70767,1,Bobtail / Box Truck,15,,15.00,60.00,150.00
2026-08-12T18:10:17Z,louisiana,port-allen,15815,1956-court-st-70767,https://truckparkingclub.com/truck-parking/louisiana/port-allen/1956-court-st-70767,1,Bobtail / Box Truck,50,,20.00,80.00,200.00
2026-08-12T18:10:17Z,louisiana,port-allen,15817,1467-court-st-70767,https://truckparkingclub.com/truck-parking/louisiana/port-allen/1467-court-st-70767,1,Truck + Trailer,9,,25.00,100.00,250.00
2026-08-12T19:30:20Z,louisiana,port-allen,15813,4747-river-road-70767,https://truckparkingclub.com/truck-parking/louisiana/port-allen/4747-river-road-70767,1,Bobtail / Box Truck,15,,15.00,60.00,150.00
2026-08-12T19:30:20Z,louisiana,port-allen,15815,1956-court-st-70767,https://truckparkingclub.com/truck-parking/louisiana/port-allen/1956-court-st-70767,1,Bobtail / Box Truck,50,,20.00,80.00,200.00
2026-08-12T19:30:20Z,louisiana,port-allen,15817,1467-court-st-70767,https://truckparkingclub.com/truck-parking/louisiana/port-allen/1467-court-st-70767,1,Truck + Trailer,9,,25.00,100.00,250.00
2026-08-12T21:07:06Z,louisiana,port-allen,15813,4747-river-road-70767,https://truckparkingclub.com/truck-parking/louisiana/port-allen/4747-river-road-70767,1,Bobtail / Box Truck,15,,15.00,60.00,150.00
2026-08-12T21:07:06Z,louisiana,port-allen,15815,1956-court-st-70767,https://truckparkingclub.com/truck-parking/louisiana/port-allen/1956-court-st-70767,1,Bobtail / Box Truck,50,,20.00,80.00,200.00
2026-08-12T21:07:06Z,louisiana,port-allen,15817,1467-court-st-70767,https://truckparkingclub.com/truck-parking/louisiana/port-allen/1467-court-st-70767,1,Truck + Trailer,10,,25.00,100.00,250.00
2026-08-12T22:06:00Z,louisiana,port-allen,15813,4747-river-road-70767,https://truckparkingclub.com/truck-parking/louisiana/port-allen/4747-river-road-70767,1,Bobtail / Box Truck,15,,15.00,60.00,150.00
2026-08-12T22:06:00Z,louisiana,port-allen,15815,1956-court-st-70767,https://truckparkingclub.com/truck-parking/louisiana/port-allen/1956-court-st-70767,1,Bobtail / Box Truck,50,,20.00,80.00,200.00
2026-08-12T22:06:00Z,louisiana,port-allen,15817,1467-court-st-70767,https://truckparkingclub.com/truck-parking/louisiana/port-allen/1467-court-st-70767,1,Truck + Trailer,10,,25.00,100.00,250.00
2026-08-12T23:05:15Z,louisiana,port-allen,15813,4747-river-road-70767,https://truckparkingclub.com/truck-parking/louisiana/port-allen/4747-river-road-70767,1,Bobtail / Box Truck,15,,15.00,60.00,150.00
2026-08-12T23:05:15Z,louisiana,port-allen,15815,1956-court-st-70767,https://truckparkingclub.com/truck-parking/louisiana/port-allen/1956-court-st-70767,1,Bobtail / Box Truck,50,,20.00,80.00,200.00
2026-08-12T23:05:15Z,louisiana,port-allen,15817,1467-court-st-70767,https://truckparkingclub.com/truck-parking/louisiana/port-allen/1467-court-st-70767,1,Truck + Trailer,10,,25.00,100.00,250.00
2026-08-13T00:01:28Z,louisiana,port-allen,15813,4747-river-road-70767,https://truckparkingclub.com/truck-parking/louisiana/port-allen/4747-river-road-70767,1,Bobtail / Box Truck,15,,15.00,60.00,150.00
2026-08-13T00:01:28Z,louisiana,port-allen,15815,1956-court-st-70767,https://truckparkingclub.com/truck-parking/louisiana/port-allen/1956-court-st-70767,1,Bobtail / Box Truck,50,,20.00,80.00,200.00
2026-08-13T00:01:28Z,louisiana,port-allen,15817,1467-court-st-70767,https://truckparkingclub.com/truck-parking/louisiana/port-allen/1467-court-st-70767,1,Truck + Trailer,10,,25.00,100.00,250.00
2026-08-13T03:02:43Z,louisiana,port-allen,15813,4747-river-road-70767,https://truckparkingclub.com/truck-parking/louisiana/port-allen/4747-river-road-70767,1,Bobtail / Box Truck,15,,15.00,60.00,150.00
2026-08-13T03:02:43Z,louisiana,port-allen,15815,1956-court-st-70767,https://truckparkingclub.com/truck-parking/louisiana/port-allen/1956-court-st-70767,1,Bobtail / Box Truck,50,,20.00,80.00,200.00
2026-08-13T03:02:43Z,louisiana,port-allen,15817,1467-court-st-70767,https://truckparkingclub.com/truck-parking/louisiana/port-allen/1467-court-st-70767,1,Truck + Trailer,10,,25.00,100.00,250.00
2026-08-13T05:11:36Z,louisiana,port-allen,15813,4747-river-road-70767,https://truckparkingclub.com/truck-parking/louisiana/port-allen/4747-river-road-70767,1,Bobtail / Box Truck,15,,15.00,60.00,150.00
2026-08-13T05:11:36Z,louisiana,port-allen,15815,1956-court-st-70767,https://truckparkingclub.com/truck-parking/louisiana/port-allen/1956-court-st-70767,1,Bobtail / Box Truck,50,,20.00,80.00,200.00
2026-08-13T05:11:36Z,louisiana,port-allen,15817,1467-court-st-70767,https://truckparkingclub.com/truck-parking/louisiana/port-allen/1467-court-st-70767,1,Truck + Trailer,10,,25.00,100.00,250.00
2026-08-13T06:50:29Z,louisiana,port-allen,15813,4747-river-road-70767,https://truckparkingclub.com/truck-parking/louisiana/port-allen/4747-river-road-70767,1,Bobtail / Box Truck,15,,15.00,60.00,150.00
2026-08-13T06:50:29Z,louisiana,port-allen,15815,1956-court-st-70767,https://truckparkingclub.com/truck-parking/louisiana/port-allen/1956-court-st-70767,1,Bobtail / Box Truck,50,,20.00,80.00,200.00
2026-08-13T06:50:29Z,louisiana,port-allen,15817,1467-court-st-70767,https://truckparkingclub.com/truck-parking/louisiana/port-allen/1467-court-st-70767,1,Truck + Trailer,10,,25.00,100.00,250.00
2026-08-13T08:46:23Z,louisiana,port-allen,15813,4747-river-road-70767,https://truckparkingclub.com/truck-parking/louisiana/port-allen/4747-river-road-70767,1,Bobtail / Box Truck,15,,15.00,60.00,150.00
2026-08-13T08:46:23Z,louisiana,port-allen,15815,1956-court-st-70767,https://truckparkingclub.com/truck-parking/louisiana/port-allen/1956-court-st-70767,1,Bobtail / Box Truck,50,,20.00,80.00,200.00
2026-08-13T08:46:23Z,louisiana,port-allen,15817,1467-court-st-70767,https://truckparkingclub.com/truck-parking/louisiana/port-allen/1467-court-st-70767,1,Truck + Trailer,10,,25.00,100.00,250.00
2026-08-13T10:31:15Z,louisiana,port-allen,15813,4747-river-road-70767,https://truckparkingclub.com/truck-parking/louisiana/port-allen/4747-river-road-70767,1,Bobtail / Box Truck,15,,15.00,60.00,150.00
2026-08-13T10:31:15Z,louisiana,port-allen,15815,1956-court-st-70767,https://truckparkingclub.com/truck-parking/louisiana/port-allen/1956-court-st-70767,1,Bobtail / Box Truck,50,,20.00,80.00,200.00
2026-08-13T10:31:15Z,louisiana,port-allen,15817,1467-court-st-70767,https://truckparkingclub.com/truck-parking/louisiana/port-allen/1467-court-st-70767,1,Truck + Trailer,10,,25.00,100.00,250.00
2026-08-13T12:02:42Z,louisiana,port-allen,15813,4747-river-road-70767,https://truckparkingclub.com/truck-parking/louisiana/port-allen/4747-river-road-70767,1,Bobtail / Box Truck,15,,15.00,60.00,150.00
2026-08-13T12:02:42Z,louisiana,port-allen,15815,1956-court-st-70767,https://truckparkingclub.com/truck-parking/louisiana/port-allen/1956-court-st-70767,1,Bobtail / Box Truck,50,,20.00,80.00,200.00
2026-08-13T12:02:42Z,louisiana,port-allen,15817,1467-court-st-70767,https://truckparkingclub.com/truck-parking/louisiana/port-allen/1467-court-st-70767,1,Truck + Trailer,10,,25.00,100.00,250.00
2026-08-13T13:52:09Z,louisiana,port-allen,15813,4747-river-road-70767,https://truckparkingclub.com/truck-parking/louisiana/port-allen/4747-river-road-70767,1,Bobtail / Box Truck,15,,15.00,60.00,150.00
2026-08-13T13:52:09Z,louisiana,port-allen,15815,1956-court-st-70767,https://truckparkingclub.com/truck-parking/louisiana/port-allen/1956-court-st-70767,1,Bobtail / Box Truck,50,,20.00,80.00,200.00
2026-08-13T13:52:09Z,louisiana,port-allen,15817,1467-court-st-70767,https://truckparkingclub.com/truck-parking/louisiana/port-allen/1467-court-st-70767,1,Truck + Trailer,10,,25.00,100.00,250.00
2026-08-13T15:25:15Z,louisiana,port-allen,15813,4747-river-road-70767,https://truckparkingclub.com/truck-parking/louisiana/port-allen/4747-river-road-70767,1,Bobtail / Box Truck,15,,15.00,60.00,150.00
2026-08-13T15:25:15Z,louisiana,port-allen,15815,1956-court-st-70767,https://truckparkingclub.com/truck-parking/louisiana/port-allen/1956-court-st-70767,1,Bobtail / Box Truck,50,,20.00,80.00,200.00
2026-08-13T15:25:15Z,louisiana,port-allen,15817,1467-court-st-70767,https://truckparkingclub.com/truck-parking/louisiana/port-allen/1467-court-st-70767,1,Truck + Trailer,10,,25.00,100.00,250.00
2026-08-13T17:16:43Z,louisiana,port-allen,15813,4747-river-road-70767,https://truckparkingclub.com/truck-parking/louisiana/port-allen/4747-river-road-70767,1,Bobtail / Box Truck,15,,15.00,60.00,150.00
2026-08-13T17:16:43Z,louisiana,port-allen,15815,1956-court-st-70767,https://truckparkingclub.com/truck-parking/louisiana/port-allen/1956-court-st-70767,1,Bobtail / Box Truck,50,,20.00,80.00,200.00
2026-08-13T17:16:43Z,louisiana,port-allen,15817,1467-court-st-70767,https://truckparkingclub.com/truck-parking/louisiana/port-allen/1467-court-st-70767,1,Truck + Trailer,10,,25.00,100.00,250.00
2026-08-13T18:10:28Z,louisiana,port-allen,15813,4747-river-road-70767,https://truckparkingclub.com/truck-parking/louisiana/port-allen/4747-river-road-70767,1,Bobtail / Box Truck,15,,15.00,60.00,150.00
2026-08-13T18:10:28Z,louisiana,port-allen,15815,1956-court-st-70767,https://truckparkingclub.com/truck-parking/louisiana/port-allen/1956-court-st-70767,1,Bobtail / Box Truck,50,,20.00,80.00,200.00
2026-08-13T18:10:28Z,louisiana,port-allen,15817,1467-court-st-70767,https://truckparkingclub.com/truck-parking/louisiana/port-allen/1467-court-st-70767,1,Truck + Trailer,10,,25.00,100.00,250.00
2026-08-13T19:29:38Z,louisiana,port-allen,15813,4747-river-road-70767,https://truckparkingclub.com/truck-parking/louisiana/port-allen/4747-river-road-70767,1,Bobtail / Box Truck,15,,15.00,60.00,150.00
2026-08-13T19:29:38Z,louisiana,port-allen,15815,1956-court-st-70767,https://truckparkingclub.com/truck-parking/louisiana/port-allen/1956-court-st-70767,1,Bobtail / Box Truck,50,,20.00,80.00,200.00
2026-08-13T19:29:38Z,louisiana,port-allen,15817,1467-court-st-70767,https://truckparkingclub.com/truck-parking/louisiana/port-allen/1467-court-st-70767,1,Truck + Trailer,10,,25.00,100.00,250.00
2026-08-13T21:07:15Z,louisiana,port-allen,15813,4747-river-road-70767,https://truckparkingclub.com/truck-parking/louisiana/port-allen/4747-river-road-70767,1,Bobtail / Box Truck,15,,15.00,60.00,150.00
2026-08-13T21:07:15Z,louisiana,port-allen,15815,1956-court-st-70767,https://truckparkingclub.com/truck-parking/louisiana/port-allen/1956-court-st-70767,1,Bobtail / Box Truck,50,,20.00,80.00,200.00
2026-08-13T21:07:15Z,louisiana,port-allen,15817,1467-court-st-70767,https://truckparkingclub.com/truck-parking/louisiana/port-allen/1467-court-st-70767,1,Truck + Trailer,10,,25.00,100.00,250.00
2026-08-13T22:06:12Z,louisiana,port-allen,15813,4747-river-road-70767,https://truckparkingclub.com/truck-parking/louisiana/port-allen/4747-river-road-70767,1,Bobtail / Box Truck,15,,15.00,60.00,150.00
2026-08-13T22:06:12Z,louisiana,port-allen,15815,1956-court-st-70767,https://truckparkingclub.com/truck-parking/louisiana/port-allen/1956-court-st-70767,1,Bobtail / Box Truck,50,,20.00,80.00,200.00
2026-08-13T22:06:12Z,louisiana,port-allen,15817,1467-court-st-70767,https://truckparkingclub.com/truck-parking/louisiana/port-allen/1467-court-st-70767,1,Truck + Trailer,10,,25.00,100.00,250.00
2026-08-13T23:06:24Z,louisiana,port-allen,15813,4747-river-road-70767,https://truckparkingclub.com/truck-parking/louisiana/port-allen/4747-river-road-70767,1,Bobtail / Box Truck,15,,15.00,60.00,150.00
2026-08-13T23:06:24Z,louisiana,port-allen,15815,1956-court-st-70767,https://truckparkingclub.com/truck-parking/louisiana/port-allen/1956-court-st-70767,1,Bobtail / Box Truck,50,,20.00,80.00,200.00
2026-08-13T23:06:24Z,louisiana,port-allen,15817,1467-court-st-70767,https://truckparkingclub.com/truck-parking/louisiana/port-allen/1467-court-st-70767,1,Truck + Trailer,10,,25.00,100.00,250.00
2026-08-14T00:01:26Z,louisiana,port-allen,15813,4747-river-road-70767,https://truckparkingclub.com/truck-parking/louisiana/port-allen/4747-river-road-70767,1,Bobtail / Box Truck,15,,15.00,60.00,150.00
2026-08-14T00:01:26Z,louisiana,port-allen,15815,1956-court-st-70767,https://truckparkingclub.com/truck-parking/louisiana/port-allen/1956-court-st-70767,1,Bobtail / Box Truck,50,,20.00,80.00,200.00
2026-08-14T00:01:26Z,louisiana,port-allen,15817,1467-court-st-70767,https://truckparkingclub.com/truck-parking/louisiana/port-allen/1467-court-st-70767,1,Truck + Trailer,10,,25.00,100.00,250.00
2026-08-14T03:01:59Z,louisiana,port-allen,15813,4747-river-road-70767,https://truckparkingclub.com/truck-parking/louisiana/port-allen/4747-river-road-70767,1,Bobtail / Box Truck,15,,15.00,60.00,150.00
2026-08-14T03:01:59Z,louisiana,port-allen,15815,1956-court-st-70767,https://truckparkingclub.com/truck-parking/louisiana/port-allen/1956-court-st-70767,1,Bobtail / Box Truck,50,,20.00,80.00,200.00
2026-08-14T03:01:59Z,louisiana,port-allen,15817,1467-court-st-70767,https://truckparkingclub.com/truck-parking/louisiana/port-allen/1467-court-st-70767,1,Truck + Trailer,10,,25.00,100.00,250.00
2026-08-14T05:09:21Z,louisiana,port-allen,15813,4747-river-road-70767,https://truckparkingclub.com/truck-parking/louisiana/port-allen/4747-river-road-70767,1,Bobtail / Box Truck,15,,15.00,60.00,150.00
2026-08-14T05:09:21Z,louisiana,port-allen,15815,1956-court-st-70767,https://truckparkingclub.com/truck-parking/louisiana/port-allen/1956-court-st-70767,1,Bobtail / Box Truck,50,,20.00,80.00,200.00
2026-08-14T05:09:21Z,louisiana,port-allen,15817,1467-court-st-70767,https://truckparkingclub.com/truck-parking/louisiana/port-allen/1467-court-st-70767,1,Truck + Trailer,10,,25.00,100.00,250.00
2026-08-14T06:47:28Z,louisiana,port-allen,15813,4747-river-road-70767,https://truckparkingclub.com/truck-parking/louisiana/port-allen/4747-river-road-70767,1,Bobtail / Box Truck,15,,15.00,60.00,150.00
2026-08-14T06:47:28Z,louisiana,port-allen,15815,1956-court-st-70767,https://truckparkingclub.com/truck-parking/louisiana/port-allen/1956-court-st-70767,1,Bobtail / Box Truck,50,,20.00,80.00,200.00
2026-08-14T06:47:28Z,louisiana,port-allen,15817,1467-court-st-70767,https://truckparkingclub.com/truck-parking/louisiana/port-allen/1467-court-st-70767,1,Truck + Trailer,10,,25.00,100.00,250.00
2026-08-14T08:39:48Z,louisiana,port-allen,15813,4747-river-road-70767,https://truckparkingclub.com/truck-parking/louisiana/port-allen/4747-river-road-70767,1,Bobtail / Box Truck,15,,15.00,60.00,150.00
2026-08-14T08:39:48Z,louisiana,port-allen,15815,1956-court-st-70767,https://truckparkingclub.com/truck-parking/louisiana/port-allen/1956-court-st-70767,1,Bobtail / Box Truck,50,,20.00,80.00,200.00
2026-08-14T08:39:48Z,louisiana,port-allen,15817,1467-court-st-70767,https://truckparkingclub.com/truck-parking/louisiana/port-allen/1467-court-st-70767,1,Truck + Trailer,10,,25.00,100.00,250.00
2026-08-14T10:27:30Z,louisiana,port-allen,15813,4747-river-road-70767,https://truckparkingclub.com/truck-parking/louisiana/port-allen/4747-river-road-70767,1,Bobtail / Box Truck,15,,15.00,60.00,150.00
2026-08-14T10:27:30Z,louisiana,port-allen,15815,1956-court-st-70767,https://truckparkingclub.com/truck-parking/louisiana/port-allen/1956-court-st-70767,1,Bobtail / Box Truck,50,,20.00,80.00,200.00
2026-08-14T10:27:30Z,louisiana,port-allen,15817,1467-court-st-70767,https://truckparkingclub.com/truck-parking/louisiana/port-allen/1467-court-st-70767,1,Truck + Trailer,10,,25.00,100.00,250.00
2026-08-14T12:00:24Z,louisiana,port-allen,15813,4747-river-road-70767,https://truckparkingclub.com/truck-parking/louisiana/port-allen/4747-river-road-70767,1,Bobtail / Box Truck,15,,15.00,60.00,150.00
2026-08-14T12:00:24Z,louisiana,port-allen,15815,1956-court-st-70767,https://truckparkingclub.com/truck-parking/louisiana/port-allen/1956-court-st-70767,1,Bobtail / Box Truck,50,,20.00,80.00,200.00
2026-08-14T12:00:24Z,louisiana,port-allen,15817,1467-court-st-70767,https://truckparkingclub.com/truck-parking/louisiana/port-allen/1467-court-st-70767,1,Truck + Trailer,10,,25.00,100.00,250.00
2026-08-14T13:48:25Z,louisiana,port-allen,15813,4747-river-road-70767,https://truckparkingclub.com/truck-parking/louisiana/port-allen/4747-river-road-70767,1,Bobtail / Box Truck,15,,15.00,60.00,150.00
2026-08-14T13:48:25Z,louisiana,port-allen,15815,1956-court-st-70767,https://truckparkingclub.com/truck-parking/louisiana/port-allen/1956-court-st-70767,1,Bobtail / Box Truck,50,,20.00,80.00,200.00
2026-08-14T13:48:25Z,louisiana,port-allen,15817,1467-court-st-70767,https://truckparkingclub.com/truck-parking/louisiana/port-allen/1467-court-st-70767,1,Truck + Trailer,10,,25.00,100.00,250.00
2026-08-14T15:09:51Z,louisiana,port-allen,15813,4747-river-road-70767,https://truckparkingclub.com/truck-parking/louisiana/port-allen/4747-river-road-70767,1,Bobtail / Box Truck,15,,15.00,60.00,150.00
2026-08-14T15:09:51Z,louisiana,port-allen,15815,1956-court-st-70767,https://truckparkingclub.com/truck-parking/louisiana/port-allen/1956-court-st-70767,1,Bobtail / Box Truck,50,,20.00,80.00,200.00
2026-08-14T15:09:51Z,louisiana,port-allen,15817,1467-court-st-70767,https://truckparkingclub.com/truck-parking/louisiana/port-allen/1467-court-st-70767,1,Truck + Trailer,10,,25.00,100.00,250.00
2026-08-14T16:08:41Z,louisiana,port-allen,15813,4747-river-road-70767,https://truckparkingclub.com/truck-parking/louisiana/port-allen/4747-river-road-70767,1,Bobtail / Box Truck,15,,15.00,60.00,150.00
2026-08-14T16:08:41Z,louisiana,port-allen,15815,1956-court-st-70767,https://truckparkingclub.com/truck-parking/louisiana/port-allen/1956-court-st-70767,1,Bobtail / Box Truck,50,,20.00,80.00,200.00
2026-08-14T16:08:41Z,louisiana,port-allen,15817,1467-court-st-70767,https://truckparkingclub.com/truck-parking/louisiana/port-allen/1467-court-st-70767,1,Truck + Trailer,10,,25.00,100.00,250.00
2026-08-14T17:14:42Z,louisiana,port-allen,15813,4747-river-road-70767,https://truckparkingclub.com/truck-parking/louisiana/port-allen/4747-river-road-70767,1,Bobtail / Box Truck,15,,15.00,60.00,150.00
2026-08-14T17:14:42Z,louisiana,port-allen,15815,1956-court-st-70767,https://truckparkingclub.com/truck-parking/louisiana/port-allen/1956-court-st-70767,1,Bobtail / Box Truck,50,,20.00,80.00,200.00
2026-08-14T17:14:42Z,louisiana,port-allen,15817,1467-court-st-70767,https://truckparkingclub.com/truck-parking/louisiana/port-allen/1467-court-st-70767,1,Truck + Trailer,10,,25.00,100.00,250.00
2026-08-14T18:09:24Z,louisiana,port-allen,15813,4747-river-road-70767,https://truckparkingclub.com/truck-parking/louisiana/port-allen/4747-river-road-70767,1,Bobtail / Box Truck,15,,15.00,60.00,150.00
2026-08-14T18:09:24Z,louisiana,port-allen,15815,1956-court-st-70767,https://truckparkingclub.com/truck-parking/louisiana/port-allen/1956-court-st-70767,1,Bobtail / Box Truck,50,,20.00,80.00,200.00
2026-08-14T18:09:24Z,louisiana,port-allen,15817,1467-court-st-70767,https://truckparkingclub.com/truck-parking/louisiana/port-allen/1467-court-st-70767,1,Truck + Trailer,10,,25.00,100.00,250.00
2026-08-14T19:17:34Z,louisiana,port-allen,15813,4747-river-road-70767,https://truckparkingclub.com/truck-parking/louisiana/port-allen/4747-river-road-70767,1,Bobtail / Box Truck,15,,15.00,60.00,150.00
2026-08-14T19:17:34Z,louisiana,port-allen,15815,1956-court-st-70767,https://truckparkingclub.com/truck-parking/louisiana/port-allen/1956-court-st-70767,1,Bobtail / Box Truck,50,,20.00,80.00,200.00
2026-08-14T19:17:34Z,louisiana,port-allen,15817,1467-court-st-70767,https://truckparkingclub.com/truck-parking/louisiana/port-allen/1467-court-st-70767,1,Truck + Trailer,10,,25.00,100.00,250.00
2026-08-14T19:58:51Z,louisiana,port-allen,15813,4747-river-road-70767,https://truckparkingclub.com/truck-parking/louisiana/port-allen/4747-river-road-70767,1,Bobtail / Box Truck,15,,15.00,60.00,150.00
2026-08-14T19:58:51Z,louisiana,port-allen,15815,1956-court-st-70767,https://truckparkingclub.com/truck-parking/louisiana/port-allen/1956-court-st-70767,1,Bobtail / Box Truck,50,,20.00,80.00,200.00
2026-08-14T19:58:51Z,louisiana,port-allen,15817,1467-court-st-70767,https://truckparkingclub.com/truck-parking/louisiana/port-allen/1467-court-st-70767,1,Truck + Trailer,10,,25.00,100.00,250.00
2026-08-14T20:49:45Z,louisiana,port-allen,15813,4747-river-road-70767,https://truckparkingclub.com/truck-parking/louisiana/port-allen/4747-river-road-70767,1,Bobtail / Box Truck,15,,15.00,60.00,150.00
2026-08-14T20:49:45Z,louisiana,port-allen,15815,1956-court-st-70767,https://truckparkingclub.com/truck-parking/louisiana/port-allen/1956-court-st-70767,1,Bobtail / Box Truck,50,,20.00,80.00,200.00
2026-08-14T20:49:45Z,louisiana,port-allen,15817,1467-court-st-70767,https://truckparkingclub.com/truck-parking/louisiana/port-allen/1467-court-st-70767,1,Truck + Trailer,10,,25.00,100.00,250.00
2026-08-14T21:43:37Z,louisiana,port-allen,15813,4747-river-road-70767,https://truckparkingclub.com/truck-parking/louisiana/port-allen/4747-river-road-70767,1,Bobtail / Box Truck,15,,15.00,60.00,150.00
2026-08-14T21:43:37Z,louisiana,port-allen,15815,1956-court-st-70767,https://truckparkingclub.com/truck-parking/louisiana/port-allen/1956-court-st-70767,1,Bobtail / Box Truck,50,,20.00,80.00,200.00
2026-08-14T21:43:37Z,louisiana,port-allen,15817,1467-court-st-70767,https://truckparkingclub.com/truck-parking/louisiana/port-allen/1467-court-st-70767,1,Truck + Trailer,10,,25.00,100.00,250.00
2026-08-14T22:43:26Z,louisiana,port-allen,15813,4747-river-road-70767,https://truckparkingclub.com/truck-parking/louisiana/port-allen/4747-river-road-70767,1,Bobtail / Box Truck,15,,15.00,60.00,150.00
2026-08-14T22:43:26Z,louisiana,port-allen,15815,1956-court-st-70767,https://truckparkingclub.com/truck-parking/louisiana/port-allen/1956-court-st-70767,1,Bobtail / Box Truck,50,,20.00,80.00,200.00
2026-08-14T22:43:26Z,louisiana,port-allen,15817,1467-court-st-70767,https://truckparkingclub.com/truck-parking/louisiana/port-allen/1467-court-st-70767,1,Truck + Trailer,10,,25.00,100.00,250.00
2026-08-14T23:41:51Z,louisiana,port-allen,15813,4747-river-road-70767,https://truckparkingclub.com/truck-parking/louisiana/port-allen/4747-river-road-70767,1,Bobtail / Box Truck,15,,15.00,60.00,150.00
2026-08-14T23:41:51Z,louisiana,port-allen,15815,1956-court-st-70767,https://truckparkingclub.com/truck-parking/louisiana/port-allen/1956-court-st-70767,1,Bobtail / Box Truck,50,,20.00,80.00,200.00
2026-08-14T23:41:51Z,louisiana,port-allen,15817,1467-court-st-70767,https://truckparkingclub.com/truck-parking/louisiana/port-allen/1467-court-st-70767,1,Truck + Trailer,10,,25.00,100.00,250.00
2026-08-15T01:52:29Z,louisiana,port-allen,15813,4747-river-road-70767,https://truckparkingclub.com/truck-parking/louisiana/port-allen/4747-river-road-70767,1,Bobtail / Box Truck,15,,15.00,60.00,150.00
2026-08-15T01:52:29Z,louisiana,port-allen,15815,1956-court-st-70767,https://truckparkingclub.com/truck-parking/louisiana/port-allen/1956-court-st-70767,1,Bobtail / Box Truck,50,,20.00,80.00,200.00
2026-08-15T01:52:29Z,louisiana,port-allen,15817,1467-court-st-70767,https://truckparkingclub.com/truck-parking/louisiana/port-allen/1467-court-st-70767,1,Truck + Trailer,10,,25.00,100.00,250.00
2026-08-15T03:07:53Z,louisiana,port-allen,15813,4747-river-road-70767,https://truckparkingclub.com/truck-parking/louisiana/port-allen/4747-river-road-70767,1,Bobtail / Box Truck,15,,15.00,60.00,150.00
2026-08-15T03:07:53Z,louisiana,port-allen,15815,1956-court-st-70767,https://truckparkingclub.com/truck-parking/louisiana/port-allen/1956-court-st-70767,1,Bobtail / Box Truck,50,,20.00,80.00,200.00
2026-08-15T03:07:53Z,louisiana,port-allen,15817,1467-court-st-70767,https://truckparkingclub.com/truck-parking/louisiana/port-allen/1467-court-st-70767,1,Truck + Trailer,10,,25.00,100.00,250.00
2026-08-15T03:57:31Z,louisiana,port-allen,15813,4747-river-road-70767,https://truckparkingclub.com/truck-parking/louisiana/port-allen/4747-river-road-70767,1,Bobtail / Box Truck,15,,15.00,60.00,150.00
2026-08-15T03:57:31Z,louisiana,port-allen,15815,1956-court-st-70767,https://truckparkingclub.com/truck-parking/louisiana/port-allen/1956-court-st-70767,1,Bobtail / Box Truck,50,,20.00,80.00,200.00
2026-08-15T03:57:31Z,louisiana,port-allen,15817,1467-court-st-70767,https://truckparkingclub.com/truck-parking/louisiana/port-allen/1467-court-st-70767,1,Truck + Trailer,10,,25.00,100.00,250.00
2026-08-15T04:50:35Z,louisiana,port-allen,15813,4747-river-road-70767,https://truckparkingclub.com/truck-parking/louisiana/port-allen/4747-river-road-70767,1,Bobtail / Box Truck,15,,15.00,60.00,150.00
2026-08-15T04:50:35Z,louisiana,port-allen,15815,1956-court-st-70767,https://truckparkingclub.com/truck-parking/louisiana/port-allen/1956-court-st-70767,1,Bobtail / Box Truck,50,,20.00,80.00,200.00
2026-08-15T04:50:35Z,louisiana,port-allen,15817,1467-court-st-70767,https://truckparkingclub.com/truck-parking/louisiana/port-allen/1467-court-st-70767,1,Truck + Trailer,10,,25.00,100.00,250.00
2026-08-15T05:44:57Z,louisiana,port-allen,15813,4747-river-road-70767,https://truckparkingclub.com/truck-parking/louisiana/port-allen/4747-river-road-70767,1,Bobtail / Box Truck,15,,15.00,60.00,150.00
2026-08-15T05:44:57Z,louisiana,port-allen,15815,1956-court-st-70767,https://truckparkingclub.com/truck-parking/louisiana/port-allen/1956-court-st-70767,1,Bobtail / Box Truck,50,,20.00,80.00,200.00
2026-08-15T05:44:57Z,louisiana,port-allen,15817,1467-court-st-70767,https://truckparkingclub.com/truck-parking/louisiana/port-allen/1467-court-st-70767,1,Truck + Trailer,10,,25.00,100.00,250.00
2026-08-15T07:01:29Z,louisiana,port-allen,15813,4747-river-road-70767,https://truckparkingclub.com/truck-parking/louisiana/port-allen/4747-river-road-70767,1,Bobtail / Box Truck,15,,15.00,60.00,150.00
2026-08-15T07:01:29Z,louisiana,port-allen,15815,1956-court-st-70767,https://truckparkingclub.com/truck-parking/louisiana/port-allen/1956-court-st-70767,1,Bobtail / Box Truck,50,,20.00,80.00,200.00
2026-08-15T07:01:29Z,louisiana,port-allen,15817,1467-court-st-70767,https://truckparkingclub.com/truck-parking/louisiana/port-allen/1467-court-st-70767,1,Truck + Trailer,10,,25.00,100.00,250.00
2026-08-15T07:47:08Z,louisiana,port-allen,15813,4747-river-road-70767,https://truckparkingclub.com/truck-parking/louisiana/port-allen/4747-river-road-70767,1,Bobtail / Box Truck,15,,15.00,60.00,150.00
2026-08-15T07:47:08Z,louisiana,port-allen,15815,1956-court-st-70767,https://truckparkingclub.com/truck-parking/louisiana/port-allen/1956-court-st-70767,1,Bobtail / Box Truck,50,,20.00,80.00,200.00
2026-08-15T07:47:08Z,louisiana,port-allen,15817,1467-court-st-70767,https://truckparkingclub.com/truck-parking/louisiana/port-allen/1467-court-st-70767,1,Truck + Trailer,10,,25.00,100.00,250.00
2026-08-15T08:48:43Z,louisiana,port-allen,15813,4747-river-road-70767,https://truckparkingclub.com/truck-parking/louisiana/port-allen/4747-river-road-70767,1,Bobtail / Box Truck,15,,15.00,60.00,150.00
2026-08-15T08:48:43Z,louisiana,port-allen,15815,1956-court-st-70767,https://truckparkingclub.com/truck-parking/louisiana/port-allen/1956-court-st-70767,1,Bobtail / Box Truck,50,,20.00,80.00,200.00
2026-08-15T08:48:43Z,louisiana,port-allen,15817,1467-court-st-70767,https://truckparkingclub.com/truck-parking/louisiana/port-allen/1467-court-st-70767,1,Truck + Trailer,10,,25.00,100.00,250.00
2026-08-15T09:44:02Z,louisiana,port-allen,15813,4747-river-road-70767,https://truckparkingclub.com/truck-parking/louisiana/port-allen/4747-river-road-70767,1,Bobtail / Box Truck,15,,15.00,60.00,150.00
2026-08-15T09:44:02Z,louisiana,port-allen,15815,1956-court-st-70767,https://truckparkingclub.com/truck-parking/louisiana/port-allen/1956-court-st-70767,1,Bobtail / Box Truck,50,,20.00,80.00,200.00
2026-08-15T09:44:02Z,louisiana,port-allen,15817,1467-court-st-70767,https://truckparkingclub.com/truck-parking/louisiana/port-allen/1467-court-st-70767,1,Truck + Trailer,10,,25.00,100.00,250.00
2026-08-15T10:43:14Z,louisiana,port-allen,15813,4747-river-road-70767,https://truckparkingclub.com/truck-parking/louisiana/port-allen/4747-river-road-70767,1,Bobtail / Box Truck,15,,15.00,60.00,150.00
2026-08-15T10:43:14Z,louisiana,port-allen,15815,1956-court-st-70767,https://truckparkingclub.com/truck-parking/louisiana/port-allen/1956-court-st-70767,1,Bobtail / Box Truck,50,,20.00,80.00,200.00
2026-08-15T10:43:14Z,louisiana,port-allen,15817,1467-court-st-70767,https://truckparkingclub.com/truck-parking/louisiana/port-allen/1467-court-st-70767,1,Truck + Trailer,10,,25.00,100.00,250.00
2026-08-15T11:38:16Z,louisiana,port-allen,15813,4747-river-road-70767,https://truckparkingclub.com/truck-parking/louisiana/port-allen/4747-river-road-70767,1,Bobtail / Box Truck,15,,15.00,60.00,150.00
2026-08-15T11:38:16Z,louisiana,port-allen,15815,1956-court-st-70767,https://truckparkingclub.com/truck-parking/louisiana/port-allen/1956-court-st-70767,1,Bobtail / Box Truck,50,,20.00,80.00,200.00
2026-08-15T11:38:16Z,louisiana,port-allen,15817,1467-court-st-70767,https://truckparkingclub.com/truck-parking/louisiana/port-allen/1467-court-st-70767,1,Truck + Trailer,10,,25.00,100.00,250.00
2026-08-15T13:02:08Z,louisiana,port-allen,15813,4747-river-road-70767,https://truckparkingclub.com/truck-parking/louisiana/port-allen/4747-river-road-70767,1,Bobtail / Box Truck,15,,15.00,60.00,150.00
2026-08-15T13:02:08Z,louisiana,port-allen,15815,1956-court-st-70767,https://truckparkingclub.com/truck-parking/louisiana/port-allen/1956-court-st-70767,1,Bobtail / Box Truck,50,,20.00,80.00,200.00
2026-08-15T13:02:08Z,louisiana,port-allen,15817,1467-court-st-70767,https://truckparkingclub.com/truck-parking/louisiana/port-allen/1467-court-st-70767,1,Truck + Trailer,10,,25.00,100.00,250.00
2026-08-15T13:46:12Z,louisiana,port-allen,15813,4747-river-road-70767,https://truckparkingclub.com/truck-parking/louisiana/port-allen/4747-river-road-70767,1,Bobtail / Box Truck,15,,15.00,60.00,150.00
2026-08-15T13:46:12Z,louisiana,port-allen,15815,1956-court-st-70767,https://truckparkingclub.com/truck-parking/louisiana/port-allen/1956-court-st-70767,1,Bobtail / Box Truck,50,,20.00,80.00,200.00
2026-08-15T13:46:12Z,louisiana,port-allen,15817,1467-court-st-70767,https://truckparkingclub.com/truck-parking/louisiana/port-allen/1467-court-st-70767,1,Truck + Trailer,10,,25.00,100.00,250.00
2026-08-15T14:42:35Z,louisiana,port-allen,15813,4747-river-road-70767,https://truckparkingclub.com/truck-parking/louisiana/port-allen/4747-river-road-70767,1,Bobtail / Box Truck,15,,15.00,60.00,150.00
2026-08-15T14:42:35Z,louisiana,port-allen,15815,1956-court-st-70767,https://truckparkingclub.com/truck-parking/louisiana/port-allen/1956-court-st-70767,1,Bobtail / Box Truck,50,,20.00,80.00,200.00
2026-08-15T14:42:35Z,louisiana,port-allen,15817,1467-court-st-70767,https://truckparkingclub.com/truck-parking/louisiana/port-allen/1467-court-st-70767,1,Truck + Trailer,10,,25.00,100.00,250.00
2026-08-15T15:39:17Z,louisiana,port-allen,15813,4747-river-road-70767,https://truckparkingclub.com/truck-parking/louisiana/port-allen/4747-river-road-70767,1,Bobtail / Box Truck,15,,15.00,60.00,150.00
2026-08-15T15:39:17Z,louisiana,port-allen,15815,1956-court-st-70767,https://truckparkingclub.com/truck-parking/louisiana/port-allen/1956-court-st-70767,1,Bobtail / Box Truck,50,,20.00,80.00,200.00
2026-08-15T15:39:17Z,louisiana,port-allen,15817,1467-court-st-70767,https://truckparkingclub.com/truck-parking/louisiana/port-allen/1467-court-st-70767,1,Truck + Trailer,10,,25.00,100.00,250.00
2026-08-15T16:44:50Z,louisiana,port-allen,15813,4747-river-road-70767,https://truckparkingclub.com/truck-parking/louisiana/port-allen/4747-river-road-70767,1,Bobtail / Box Truck,15,,15.00,60.00,150.00
2026-08-15T16:44:50Z,louisiana,port-allen,15815,1956-court-st-70767,https://truckparkingclub.com/truck-parking/louisiana/port-allen/1956-court-st-70767,1,Bobtail / Box Truck,50,,20.00,80.00,200.00
2026-08-15T16:44:50Z,louisiana,port-allen,15817,1467-court-st-70767,https://truckparkingclub.com/truck-parking/louisiana/port-allen/1467-court-st-70767,1,Truck + Trailer,10,,25.00,100.00,250.00
2026-08-15T17:39:55Z,louisiana,port-allen,15813,4747-river-road-70767,https://truckparkingclub.com/truck-parking/louisiana/port-allen/4747-river-road-70767,1,Bobtail / Box Truck,15,,15.00,60.00,150.00
2026-08-15T17:39:55Z,louisiana,port-allen,15815,1956-court-st-70767,https://truckparkingclub.com/truck-parking/louisiana/port-allen/1956-court-st-70767,1,Bobtail / Box Truck,50,,20.00,80.00,200.00
2026-08-15T17:39:55Z,louisiana,port-allen,15817,1467-court-st-70767,https://truckparkingclub.com/truck-parking/louisiana/port-allen/1467-court-st-70767,1,Truck + Trailer,10,,25.00,100.00,250.00
2026-08-15T18:50:31Z,louisiana,port-allen,15813,4747-river-road-70767,https://truckparkingclub.com/truck-parking/louisiana/port-allen/4747-river-road-70767,1,Bobtail / Box Truck,15,,15.00,60.00,150.00
2026-08-15T18:50:31Z,louisiana,port-allen,15815,1956-court-st-70767,https://truckparkingclub.com/truck-parking/louisiana/port-allen/1956-court-st-70767,1,Bobtail / Box Truck,50,,20.00,80.00,200.00
2026-08-15T18:50:31Z,louisiana,port-allen,15817,1467-court-st-70767,https://truckparkingclub.com/truck-parking/louisiana/port-allen/1467-court-st-70767,1,Truck + Trailer,10,,25.00,100.00,250.00
2026-08-15T19:39:05Z,louisiana,port-allen,15813,4747-river-road-70767,https://truckparkingclub.com/truck-parking/louisiana/port-allen/4747-river-road-70767,1,Bobtail / Box Truck,15,,15.00,60.00,150.00
2026-08-15T19:39:05Z,louisiana,port-allen,15815,1956-court-st-70767,https://truckparkingclub.com/truck-parking/louisiana/port-allen/1956-court-st-70767,1,Bobtail / Box Truck,50,,20.00,80.00,200.00
2026-08-15T19:39:05Z,louisiana,port-allen,15817,1467-court-st-70767,https://truckparkingclub.com/truck-parking/louisiana/port-allen/1467-court-st-70767,1,Truck + Trailer,10,,25.00,100.00,250.00
2026-08-15T20:42:25Z,louisiana,port-allen,15813,4747-river-road-70767,https://truckparkingclub.com/truck-parking/louisiana/port-allen/4747-river-road-70767,1,Bobtail / Box Truck,15,,15.00,60.00,150.00
2026-08-15T20:42:25Z,louisiana,port-allen,15815,1956-court-st-70767,https://truckparkingclub.com/truck-parking/louisiana/port-allen/1956-court-st-70767,1,Bobtail / Box Truck,50,,20.00,80.00,200.00
2026-08-15T20:42:25Z,louisiana,port-allen,15817,1467-court-st-70767,https://truckparkingclub.com/truck-parking/louisiana/port-allen/1467-court-st-70767,1,Truck + Trailer,10,,25.00,100.00,250.00
2026-08-15T21:39:12Z,louisiana,port-allen,15813,4747-river-road-70767,https://truckparkingclub.com/truck-parking/louisiana/port-allen/4747-river-road-70767,1,Bobtail / Box Truck,15,,15.00,60.00,150.00
2026-08-15T21:39:12Z,louisiana,port-allen,15815,1956-court-st-70767,https://truckparkingclub.com/truck-parking/louisiana/port-allen/1956-court-st-70767,1,Bobtail / Box Truck,50,,20.00,80.00,200.00
2026-08-15T21:39:12Z,louisiana,port-allen,15817,1467-court-st-70767,https://truckparkingclub.com/truck-parking/louisiana/port-allen/1467-court-st-70767,1,Truck + Trailer,10,,25.00,100.00,250.00
2026-08-15T22:41:37Z,louisiana,port-allen,15813,4747-river-road-70767,https://truckparkingclub.com/truck-parking/louisiana/port-allen/4747-river-road-70767,1,Bobtail / Box Truck,15,,15.00,60.00,150.00
2026-08-15T22:41:37Z,louisiana,port-allen,15815,1956-court-st-70767,https://truckparkingclub.com/truck-parking/louisiana/port-allen/1956-court-st-70767,1,Bobtail / Box Truck,50,,20.00,80.00,200.00
2026-08-15T22:41:37Z,louisiana,port-allen,15817,1467-court-st-70767,https://truckparkingclub.com/truck-parking/louisiana/port-allen/1467-court-st-70767,1,Truck + Trailer,10,,25.00,100.00,250.00
2026-08-15T23:39:02Z,louisiana,port-allen,15813,4747-river-road-70767,https://truckparkingclub.com/truck-parking/louisiana/port-allen/4747-river-road-70767,1,Bobtail / Box Truck,15,,15.00,60.00,150.00
2026-08-15T23:39:02Z,louisiana,port-allen,15815,1956-court-st-70767,https://truckparkingclub.com/truck-parking/louisiana/port-allen/1956-court-st-70767,1,Bobtail / Box Truck,50,,20.00,80.00,200.00
2026-08-15T23:39:02Z,louisiana,port-allen,15817,1467-court-st-70767,https://truckparkingclub.com/truck-parking/louisiana/port-allen/1467-court-st-70767,1,Truck + Trailer,10,,25.00,100.00,250.00
